Date,Open,High,Low,Close,Change
2016_4_8_,7.7593,7.7597,7.7561,7.7577,-0.05%
2016_4_7_,7.7563,7.7619,7.7548,7.7613,0.06%
2016_4_6_,7.7561,7.7582,7.7549,7.7566,0.00%
2016_4_5_,7.7544,7.7577,7.7529,7.7565,0.02%
2016_4_4_,7.7559,7.7561,7.7531,7.7546,0.01%
2016_4_1_,7.7568,7.7579,7.7531,7.754,-0.04%
2016_3_31_,7.7527,7.7583,7.7527,7.7572,0.05%
2016_3_30_,7.755,7.7571,7.7525,7.7535,-0.03%
2016_3_29_,7.7567,7.7588,7.7548,7.7555,-0.03%
2016_3_28_,7.757,7.7597,7.7564,7.7575,0.00%
2016_3_25_,7.7583,7.7617,7.7565,7.7577,-0.01%
2016_3_24_,7.7538,7.765,7.7536,7.7585,0.05%
2016_3_23_,7.7526,7.7584,7.7526,7.7545,0.02%
2016_3_22_,7.7521,7.755,7.7521,7.7532,0.01%
2016_3_21_,7.7554,7.7567,7.752,7.7527,-0.05%
2016_3_18_,7.7545,7.7595,7.7527,7.7564,0.02%
2016_3_17_,7.7577,7.7607,7.7539,7.755,-0.04%
2016_3_16_,7.7604,7.7654,7.7575,7.7582,-0.04%
2016_3_15_,7.7583,7.7629,7.7575,7.7611,0.03%
2016_3_14_,7.7594,7.7619,7.7565,7.759,-0.01%
2016_3_11_,7.762,7.7654,7.7573,7.7594,-0.04%
2016_3_10_,7.7656,7.7669,7.7617,7.7626,-0.05%
2016_3_9_,7.7657,7.768,7.7633,7.7664,0.02%
2016_3_8_,7.7632,7.7688,7.7632,7.7649,0.01%
2016_3_7_,7.7638,7.7702,7.7616,7.764,0.01%
2016_3_4_,7.7676,7.7713,7.7613,7.7636,-0.06%
2016_3_3_,7.7723,7.7778,7.7674,7.7682,-0.06%
2016_3_2_,7.7708,7.7767,7.7705,7.7725,0.01%
2016_3_1_,7.7769,7.7785,7.769,7.7715,-0.07%
2016_2_29_,7.7744,7.7786,7.7716,7.7773,0.03%
2016_2_26_,7.7719,7.7751,7.7665,7.775,0.03%
2016_2_25_,7.7683,7.7734,7.7666,7.7727,0.05%
2016_2_24_,7.7679,7.7724,7.7663,7.769,0.01%
2016_2_23_,7.7717,7.772,7.7652,7.7679,-0.05%
2016_2_22_,7.7734,7.7744,7.7654,7.772,-0.03%
2016_2_19_,7.7807,7.7814,7.7707,7.774,-0.10%
2016_2_18_,7.7853,7.7876,7.7725,7.7814,-0.06%
2016_2_17_,7.7914,7.7942,7.7839,7.7861,-0.07%
2016_2_16_,7.7843,7.7927,7.783,7.7915,0.09%
2016_2_15_,7.7891,7.7898,7.7826,7.7842,-0.07%
2016_2_12_,7.7901,7.7922,7.7857,7.7895,-0.02%
2016_2_11_,7.7927,7.7969,7.7849,7.7907,-0.03%
2016_2_10_,7.7969,7.7988,7.7883,7.7934,-0.05%
2016_2_9_,7.7911,7.7995,7.788,7.7973,0.04%
2016_2_8_,7.7899,7.7956,7.7851,7.7941,0.06%
2016_2_5_,7.7888,7.7962,7.7798,7.7893,0.00%
2016_2_4_,7.7953,7.7961,7.7808,7.7894,-0.08%
2016_2_3_,7.7983,7.8012,7.788,7.796,-0.04%
2016_2_2_,7.778,7.8015,7.776,7.799,0.28%
2016_2_1_,7.7819,7.7858,7.7735,7.7773,-0.04%
2016_1_29_,7.7934,7.7953,7.7794,7.7804,-0.18%
2016_1_28_,7.795,7.7962,7.7868,7.7941,-0.02%
2016_1_27_,7.7947,7.7985,7.7825,7.7957,0.02%
2016_1_26_,7.7941,7.8018,7.7911,7.7942,-0.01%
2016_1_25_,7.7976,7.7993,7.7864,7.7947,-0.06%
2016_1_22_,7.8163,7.8174,7.7853,7.7991,-0.25%
2016_1_21_,7.818,7.824,7.8069,7.819,0.01%
2016_1_20_,7.8187,7.8299,7.8137,7.8185,-0.01%
2016_1_19_,7.7988,7.8205,7.7988,7.8194,0.26%
2016_1_18_,7.7923,7.8003,7.7919,7.7988,0.07%
2016_1_15_,7.782,7.7999,7.774,7.7931,0.14%
2016_1_14_,7.7611,7.79,7.7595,7.7825,0.27%
2016_1_13_,7.7624,7.7633,7.7575,7.7618,-0.02%
2016_1_12_,7.7631,7.765,7.757,7.763,-0.02%
2016_1_11_,7.7622,7.7649,7.7557,7.7642,-0.01%
2016_1_8_,7.7577,7.7655,7.7531,7.7653,0.09%
2016_1_7_,7.752,7.7604,7.7511,7.7583,0.07%
2016_1_6_,7.751,7.7534,7.7501,7.7526,0.01%
2016_1_5_,7.7508,7.7521,7.7502,7.7516,0.00%
2016_1_4_,7.75,7.7527,7.7496,7.7515,0.02%
2015_12_31_,7.7503,7.7514,7.7494,7.7503,-0.01%
2015_12_30_,7.7496,7.7521,7.7495,7.7509,0.01%
2015_12_29_,7.7497,7.7508,7.7494,7.7501,0.00%
2015_12_28_,7.7511,7.752,7.7496,7.7504,-0.01%
2015_12_25_,7.7506,7.7516,7.7498,7.7514,0.00%
2015_12_24_,7.75,7.7516,7.7497,7.7514,0.01%
2015_12_23_,7.7515,7.7531,7.7495,7.7505,-0.02%
2015_12_22_,7.7517,7.7541,7.7512,7.752,0.00%
2015_12_21_,7.7518,7.7531,7.7513,7.7523,-0.01%
2015_12_18_,7.7517,7.7534,7.7511,7.7528,0.01%
2015_12_17_,7.7496,7.7534,7.7496,7.7524,0.03%
2015_12_16_,7.75,7.7513,7.7495,7.7501,-0.01%
2015_12_15_,7.7503,7.7513,7.7495,7.7506,0.00%
2015_12_14_,7.7498,7.7511,7.7495,7.7503,-0.01%
2015_12_11_,7.75,7.7511,7.7495,7.7509,0.01%
2015_12_10_,7.7495,7.7508,7.7494,7.7503,0.00%
2015_12_9_,7.7498,7.7508,7.7494,7.75,0.00%
2015_12_8_,7.7499,7.7515,7.7495,7.7503,-0.01%
2015_12_7_,7.7495,7.7508,7.7494,7.7507,0.01%
2015_12_4_,7.7495,7.7505,7.7493,7.7501,0.00%
2015_12_3_,7.7496,7.7511,7.7493,7.75,-0.01%
2015_12_2_,7.7515,7.7529,7.7496,7.7504,-0.02%
2015_12_1_,7.7525,7.7535,7.7505,7.7521,-0.01%
2015_11_30_,7.7499,7.7729,7.7495,7.753,0.03%
2015_11_27_,7.7498,7.7511,7.7497,7.7507,0.00%
2015_11_26_,7.7499,7.7511,7.7496,7.7504,0.00%
2015_11_25_,7.7496,7.7508,7.7496,7.7504,0.00%
2015_11_24_,7.7495,7.7507,7.7495,7.7501,0.00%
2015_11_23_,7.7496,7.751,7.7495,7.7501,0.00%
2015_11_20_,7.7497,7.7504,7.7495,7.7503,0.00%
2015_11_19_,7.7502,7.751,7.7495,7.7502,0.00%
2015_11_18_,7.7498,7.7515,7.7498,7.7504,0.00%
2015_11_17_,7.7503,7.7516,7.7496,7.7504,-0.01%
2015_11_16_,7.7501,7.7526,7.7498,7.7511,0.00%
2015_11_13_,7.7496,7.7516,7.7495,7.7512,0.01%
2015_11_12_,7.7498,7.7511,7.7495,7.7501,0.00%
2015_11_11_,7.7516,7.7526,7.7496,7.7504,-0.02%
2015_11_10_,7.7514,7.7529,7.7505,7.7522,0.00%
2015_11_9_,7.75,7.753,7.7497,7.7519,0.02%
2015_11_6_,7.7503,7.753,7.75,7.7507,0.00%
2015_11_5_,7.7502,7.7521,7.7498,7.7509,0.00%
2015_11_4_,7.7498,7.7518,7.7496,7.7509,0.01%
2015_11_3_,7.7495,7.7514,7.7494,7.7504,0.00%
2015_11_2_,7.75,7.7505,7.7494,7.7501,-0.01%
2015_10_30_,7.7496,7.7508,7.7494,7.7507,0.01%
2015_10_29_,7.7495,7.7502,7.7495,7.7502,0.00%
2015_10_28_,7.7496,7.7506,7.7493,7.75,0.00%
2015_10_27_,7.75,7.7501,7.7494,7.75,0.00%
2015_10_26_,7.7498,7.7504,7.7494,7.7503,0.00%
2015_10_23_,7.7495,7.7507,7.7494,7.75,0.00%
2015_10_22_,7.7499,7.7511,7.7495,7.7501,-0.01%
2015_10_21_,7.7495,7.7513,7.7495,7.7506,0.01%
2015_10_20_,7.7501,7.7507,7.7495,7.75,0.00%
2015_10_19_,7.7495,7.7504,7.7494,7.7503,0.00%
2015_10_16_,7.7495,7.7506,7.7494,7.75,0.00%
2015_10_15_,7.75,7.7506,7.7494,7.75,0.00%
2015_10_14_,7.7495,7.7504,7.7494,7.7501,0.00%
2015_10_13_,7.7495,7.7504,7.7494,7.7501,0.00%
2015_10_12_,7.7495,7.7509,7.7494,7.75,0.00%
2015_10_9_,7.7495,7.7505,7.7494,7.75,0.00%
2015_10_8_,7.7494,7.7506,7.7492,7.75,0.00%
2015_10_7_,7.7493,7.7508,7.7493,7.75,0.00%
2015_10_6_,7.7494,7.7508,7.7493,7.75,0.00%
2015_10_5_,7.7494,7.7512,7.7493,7.75,0.00%
2015_10_2_,7.75,7.7509,7.7493,7.75,-0.01%
2015_10_1_,7.75,7.7505,7.7494,7.7504,0.00%
2015_9_30_,7.75,7.7508,7.7494,7.7501,0.00%
2015_9_29_,7.7495,7.7508,7.7492,7.7504,0.00%
2015_9_28_,7.7498,7.7512,7.7491,7.7503,0.00%
2015_9_25_,7.7504,7.7508,7.7492,7.7505,0.00%
2015_9_24_,7.7494,7.7513,7.7492,7.7504,0.01%
2015_9_23_,7.7493,7.7506,7.7492,7.75,0.00%
2015_9_22_,7.7494,7.7506,7.7492,7.7499,0.00%
2015_9_21_,7.7495,7.7507,7.7493,7.75,0.00%
2015_9_18_,7.7494,7.7508,7.7492,7.75,0.00%
2015_9_17_,7.7497,7.7511,7.7493,7.75,0.00%
2015_9_16_,7.7497,7.7512,7.7492,7.7503,0.00%
2015_9_15_,7.7494,7.7503,7.7492,7.7503,0.00%
2015_9_14_,7.7496,7.7507,7.7492,7.75,0.00%
2015_9_11_,7.7495,7.7507,7.7492,7.75,0.00%
2015_9_10_,7.7513,7.752,7.7492,7.7501,-0.02%
2015_9_9_,7.75,7.7523,7.7496,7.7515,0.01%
2015_9_8_,7.7495,7.752,7.7494,7.7508,0.01%
2015_9_7_,7.7495,7.7504,7.7492,7.75,0.00%
2015_9_4_,7.7495,7.7514,7.7492,7.7501,0.00%
2015_9_3_,7.7495,7.7521,7.7492,7.75,0.00%
2015_9_2_,7.7495,7.7508,7.7492,7.75,0.00%
2015_9_1_,7.7495,7.7508,7.7492,7.75,0.00%
2015_8_31_,7.7495,7.7511,7.7494,7.75,0.00%
2015_8_28_,7.7495,7.7511,7.7492,7.75,0.00%
2015_8_27_,7.751,7.7524,7.7492,7.75,-0.03%
2015_8_26_,7.7514,7.7528,7.7494,7.7523,0.01%
2015_8_25_,7.751,7.7542,7.75,7.7516,0.01%
2015_8_24_,7.7516,7.756,7.7505,7.7512,-0.02%
2015_8_21_,7.752,7.7532,7.7501,7.7527,0.00%
2015_8_20_,7.7529,7.7541,7.7502,7.7526,-0.01%
2015_8_19_,7.7541,7.7553,7.7517,7.7535,-0.02%
2015_8_18_,7.7546,7.7557,7.7529,7.7549,0.00%
2015_8_17_,7.7553,7.7576,7.7533,7.7549,-0.01%
2015_8_14_,7.7552,7.757,7.7518,7.7559,0.00%
2015_8_13_,7.7546,7.7565,7.7507,7.756,-0.01%
2015_8_12_,7.7612,7.7642,7.7519,7.7569,-0.06%
2015_8_11_,7.7521,7.7642,7.752,7.7619,0.12%
2015_8_10_,7.7514,7.7538,7.751,7.7527,0.01%
2015_8_7_,7.7507,7.7538,7.7506,7.7523,0.02%
2015_8_6_,7.7513,7.7524,7.7503,7.7511,-0.01%
2015_8_5_,7.7537,7.7543,7.7511,7.7518,-0.03%
2015_8_4_,7.7526,7.7543,7.7522,7.7541,0.01%
2015_8_3_,7.7507,7.7543,7.7505,7.7534,0.01%
2015_7_31_,7.7537,7.754,7.7504,7.7529,-0.01%
2015_7_30_,7.7512,7.754,7.7502,7.7537,0.02%
2015_7_29_,7.7505,7.7523,7.7499,7.7518,0.01%
2015_7_28_,7.7509,7.7519,7.75,7.7511,0.00%
2015_7_27_,7.7514,7.7517,7.7497,7.7514,0.00%
2015_7_24_,7.7508,7.752,7.7499,7.7514,0.00%
2015_7_23_,7.7499,7.7519,7.7498,7.7515,0.01%
2015_7_22_,7.7505,7.7516,7.7497,7.7504,-0.01%
2015_7_21_,7.7502,7.7516,7.75,7.751,0.00%
2015_7_20_,7.75,7.7522,7.7498,7.751,0.01%
2015_7_17_,7.7508,7.7514,7.7497,7.7504,-0.01%
2015_7_16_,7.751,7.7519,7.75,7.7512,0.00%
2015_7_15_,7.7512,7.7518,7.7497,7.751,-0.01%
2015_7_14_,7.7519,7.7524,7.7502,7.7514,-0.01%
2015_7_13_,7.7509,7.7524,7.7503,7.752,0.01%
2015_7_10_,7.7518,7.7523,7.7502,7.7512,-0.01%
2015_7_9_,7.7516,7.7534,7.7505,7.7519,-0.01%
2015_7_8_,7.7547,7.7562,7.7514,7.7524,-0.03%
2015_7_7_,7.7527,7.7565,7.7521,7.7547,0.02%
2015_7_6_,7.7523,7.7542,7.7518,7.7533,0.00%
2015_7_3_,7.7516,7.7537,7.7508,7.753,0.02%
2015_7_2_,7.7523,7.7526,7.7505,7.7516,-0.01%
2015_7_1_,7.751,7.7524,7.7506,7.7524,0.01%
2015_6_30_,7.7522,7.7534,7.7509,7.7515,-0.01%
2015_6_29_,7.7519,7.753,7.7512,7.7523,0.00%
2015_6_26_,7.7521,7.7534,7.7508,7.7524,0.00%
2015_6_25_,7.7524,7.7533,7.7505,7.7527,0.00%
2015_6_24_,7.752,7.7533,7.7512,7.7526,0.00%
2015_6_23_,7.7507,7.7536,7.7505,7.7526,0.02%
2015_6_22_,7.7513,7.7522,7.7505,7.7513,0.00%
2015_6_19_,7.7521,7.7528,7.7509,7.7515,-0.01%
2015_6_18_,7.7523,7.7533,7.7516,7.7524,0.00%
2015_6_17_,7.7517,7.7535,7.7515,7.7523,0.00%
2015_6_16_,7.7528,7.7537,7.7516,7.7522,-0.01%
2015_6_15_,7.7526,7.7537,7.7515,7.753,0.00%
2015_6_12_,7.7521,7.7538,7.7518,7.753,0.01%
2015_6_11_,7.7522,7.7534,7.7518,7.7524,0.00%
2015_6_10_,7.7528,7.7535,7.7514,7.7524,-0.01%
2015_6_9_,7.7514,7.7535,7.7512,7.7534,0.02%
2015_6_8_,7.7517,7.7537,7.751,7.7519,-0.01%
2015_6_5_,7.7512,7.7539,7.751,7.7523,0.01%
2015_6_4_,7.7532,7.7544,7.751,7.7516,-0.02%
2015_6_3_,7.7555,7.7558,7.7525,7.7533,-0.03%
2015_6_2_,7.7559,7.758,7.7533,7.7557,0.00%
2015_6_1_,7.752,7.7572,7.7516,7.7558,0.04%
2015_5_29_,7.7528,7.7543,7.75,7.753,-0.01%
2015_5_28_,7.7583,7.7591,7.752,7.7534,-0.06%
2015_5_27_,7.7515,7.7604,7.7512,7.7584,0.08%
2015_5_26_,7.7514,7.7534,7.7512,7.7523,0.01%
2015_5_25_,7.7513,7.7534,7.7508,7.7519,0.00%
2015_5_22_,7.7526,7.7542,7.7505,7.7518,-0.02%
2015_5_21_,7.7522,7.7542,7.7515,7.7533,0.01%
2015_5_20_,7.7517,7.7528,7.7511,7.7523,0.00%
2015_5_19_,7.7505,7.7534,7.7504,7.752,0.02%
2015_5_18_,7.7505,7.7525,7.7502,7.7507,0.00%
2015_5_15_,7.7501,7.7521,7.75,7.751,0.00%
2015_5_14_,7.751,7.7524,7.75,7.7508,-0.01%
2015_5_13_,7.7512,7.7537,7.751,7.7518,0.00%
2015_5_12_,7.752,7.7538,7.7512,7.7516,-0.01%
2015_5_11_,7.753,7.7542,7.7518,7.7523,-0.01%
2015_5_8_,7.7531,7.755,7.7524,7.7534,-0.01%
2015_5_7_,7.7516,7.7551,7.7512,7.7539,0.03%
2015_5_6_,7.7507,7.753,7.7506,7.7518,0.01%
2015_5_5_,7.7527,7.7538,7.7499,7.7512,-0.02%
2015_5_4_,7.751,7.7541,7.7502,7.7528,0.01%
2015_5_1_,7.7499,7.7524,7.7497,7.7521,0.02%
2015_4_30_,7.7504,7.7522,7.7497,7.7506,0.00%
2015_4_29_,7.7501,7.7508,7.7496,7.7507,0.01%
2015_4_28_,7.75,7.7518,7.7495,7.7503,0.00%
2015_4_27_,7.7498,7.7514,7.7495,7.75,0.00%
2015_4_24_,7.7496,7.7504,7.7494,7.7502,0.00%
2015_4_23_,7.7497,7.7505,7.7495,7.7503,0.00%
2015_4_22_,7.7496,7.7509,7.7495,7.7501,0.00%
2015_4_21_,7.7496,7.7507,7.7495,7.7503,0.00%
2015_4_20_,7.7512,7.7522,7.7494,7.7502,-0.02%
2015_4_17_,7.7522,7.753,7.7502,7.752,-0.01%
2015_4_16_,7.7517,7.7526,7.7502,7.7524,0.00%
2015_4_15_,7.7523,7.7537,7.7497,7.7522,-0.01%
2015_4_14_,7.75,7.7537,7.7495,7.7529,0.04%
2015_4_13_,7.75,7.7505,7.7494,7.75,0.00%
2015_4_10_,7.7495,7.7504,7.7494,7.75,0.00%
2015_4_9_,7.7498,7.7511,7.7494,7.75,-0.01%
2015_4_8_,7.7512,7.7537,7.7495,7.7504,-0.02%
2015_4_7_,7.7523,7.7529,7.751,7.752,-0.01%
2015_4_6_,7.7516,7.7528,7.7513,7.7527,0.01%
2015_4_3_,7.752,7.7538,7.751,7.7523,-0.01%
2015_4_2_,7.752,7.7539,7.7515,7.7527,0.00%
2015_4_1_,7.7523,7.7555,7.7517,7.7525,0.00%
2015_3_31_,7.7543,7.7553,7.752,7.7524,-0.03%
2015_3_30_,7.753,7.7561,7.7528,7.755,0.02%
2015_3_27_,7.7542,7.7561,7.7525,7.7535,-0.01%
2015_3_26_,7.7548,7.7558,7.753,7.7546,0.00%
2015_3_25_,7.7561,7.757,7.7534,7.7547,-0.02%
2015_3_24_,7.7563,7.7572,7.7535,7.7564,0.00%
2015_3_23_,7.758,7.7585,7.7545,7.7564,-0.02%
2015_3_20_,7.7584,7.7607,7.7553,7.758,-0.01%
2015_3_19_,7.7601,7.7612,7.7553,7.7591,0.00%
2015_3_18_,7.7624,7.7631,7.7559,7.759,-0.05%
2015_3_17_,7.7646,7.7661,7.7621,7.7626,-0.03%
2015_3_16_,7.7656,7.7675,7.7635,7.7648,-0.01%
2015_3_13_,7.769,7.7703,7.7633,7.7657,-0.05%
2015_3_12_,7.7704,7.7706,7.7627,7.7694,-0.02%
2015_3_11_,7.7611,7.7743,7.759,7.7707,0.12%
2015_3_10_,7.7595,7.7622,7.7578,7.7614,0.02%
2015_3_9_,7.7562,7.7608,7.7559,7.7601,0.04%
2015_3_6_,7.7552,7.7596,7.7548,7.7567,0.01%
2015_3_5_,7.7553,7.7581,7.7543,7.7557,0.00%
2015_3_4_,7.7552,7.7557,7.754,7.7556,0.00%
2015_3_3_,7.7553,7.756,7.7535,7.7554,0.00%
2015_3_2_,7.754,7.7561,7.753,7.7554,-0.01%
2015_2_27_,7.7547,7.7561,7.7528,7.7558,0.01%
2015_2_26_,7.7571,7.7576,7.754,7.7547,-0.03%
2015_2_25_,7.7565,7.7575,7.7541,7.7572,0.01%
2015_2_24_,7.7563,7.7575,7.7556,7.7568,0.00%
2015_2_23_,7.7588,7.7594,7.7556,7.7569,-0.03%
2015_2_20_,7.758,7.7605,7.7555,7.7595,0.02%
2015_2_19_,7.7575,7.7595,7.7564,7.7582,0.00%
2015_2_18_,7.7592,7.7598,7.7559,7.7583,-0.02%
2015_2_17_,7.759,7.7596,7.7567,7.7596,0.01%
2015_2_16_,7.7547,7.7595,7.7545,7.7591,0.04%
2015_2_13_,7.7535,7.7562,7.7535,7.7561,0.03%
2015_2_12_,7.7543,7.7564,7.7529,7.7539,-0.01%
2015_2_11_,7.7533,7.755,7.753,7.7545,0.01%
2015_2_10_,7.7532,7.7547,7.7528,7.7534,0.00%
2015_2_9_,7.7521,7.7542,7.7515,7.7537,0.01%
2015_2_6_,7.752,7.7534,7.7515,7.753,0.01%
2015_2_5_,7.7524,7.7537,7.7512,7.7524,0.00%
2015_2_4_,7.7538,7.755,7.7513,7.7524,-0.02%
2015_2_3_,7.7528,7.755,7.7523,7.7539,0.01%
2015_2_2_,7.752,7.7549,7.7519,7.7528,0.01%
2015_1_30_,7.7519,7.7543,7.7512,7.7523,0.00%
2015_1_29_,7.7519,7.753,7.7512,7.752,0.00%
2015_1_28_,7.752,7.7531,7.7513,7.7519,0.00%
2015_1_27_,7.7517,7.7534,7.7513,7.7521,0.00%
2015_1_26_,7.751,7.7532,7.7509,7.7518,-0.02%
2015_1_23_,7.7528,7.7541,7.7506,7.753,0.00%
2015_1_22_,7.7507,7.7538,7.7502,7.753,0.03%
2015_1_21_,7.7524,7.7533,7.75,7.7508,-0.02%
2015_1_20_,7.752,7.7537,7.7514,7.7526,0.01%
2015_1_19_,7.7513,7.7538,7.7504,7.7522,0.01%
2015_1_16_,7.7527,7.7546,7.7494,7.7512,-0.02%
2015_1_15_,7.7539,7.7557,7.7505,7.7527,-0.02%
2015_1_14_,7.7527,7.7546,7.7525,7.7542,0.02%
2015_1_13_,7.7529,7.7541,7.7524,7.753,0.00%
2015_1_12_,7.7528,7.7548,7.7522,7.753,0.01%
2015_1_9_,7.7544,7.7556,7.7523,7.7526,-0.03%
2015_1_8_,7.7548,7.7557,7.7539,7.7546,0.00%
2015_1_7_,7.7541,7.7555,7.7532,7.7549,0.01%
2015_1_6_,7.7559,7.7561,7.7525,7.7542,-0.02%
2015_1_5_,7.7557,7.7568,7.755,7.7561,-0.01%
2015_1_2_,7.7539,7.7576,7.7537,7.7566,0.03%
2015_1_1_,7.7538,7.7539,7.7538,7.7539,0.00%
2014_12_31_,7.7567,7.7583,7.7531,7.7539,-0.04%
2014_12_30_,7.7581,7.7588,7.7561,7.757,-0.02%
2014_12_29_,7.76,7.7619,7.7573,7.7583,-0.04%
2014_12_26_,7.7598,7.7621,7.7584,7.7616,0.02%
2014_12_25_,7.762,7.7632,7.7593,7.7599,-0.03%
2014_12_24_,7.7567,7.7633,7.7561,7.7622,0.07%
2014_12_23_,7.7551,7.7599,7.755,7.7568,0.02%
2014_12_22_,7.753,7.7576,7.753,7.7553,0.03%
2014_12_19_,7.7558,7.7566,7.7527,7.7531,-0.04%
2014_12_18_,7.7559,7.7576,7.7541,7.7562,0.00%
2014_12_17_,7.754,7.7565,7.7526,7.7561,0.02%
2014_12_16_,7.7529,7.7545,7.752,7.7542,0.01%
2014_12_15_,7.7511,7.7534,7.751,7.7531,0.03%
2014_12_12_,7.7517,7.7531,7.7507,7.7511,-0.01%
2014_12_11_,7.751,7.7527,7.7505,7.7519,0.01%
2014_12_10_,7.752,7.7536,7.7505,7.7511,-0.02%
2014_12_9_,7.7511,7.7542,7.7506,7.7525,0.01%
2014_12_8_,7.7509,7.7519,7.7504,7.7514,0.00%
2014_12_5_,7.7511,7.7525,7.7504,7.7512,0.00%
2014_12_4_,7.7526,7.7541,7.7507,7.7513,-0.03%
2014_12_3_,7.7545,7.7557,7.7518,7.7533,-0.02%
2014_12_2_,7.7557,7.756,7.7541,7.7549,-0.01%
2014_12_1_,7.7545,7.7565,7.7534,7.7557,0.01%
2014_11_28_,7.7527,7.7557,7.7519,7.7549,0.03%
2014_11_27_,7.7539,7.7543,7.752,7.7528,-0.02%
2014_11_26_,7.7544,7.7562,7.7531,7.7541,-0.01%
2014_11_25_,7.7556,7.757,7.7535,7.7545,-0.02%
2014_11_24_,7.7574,7.7577,7.7552,7.7557,-0.03%
2014_11_21_,7.7565,7.7593,7.755,7.7583,0.02%
2014_11_20_,7.7551,7.7569,7.7544,7.7566,0.02%
2014_11_19_,7.7549,7.7556,7.7541,7.7553,0.00%
2014_11_18_,7.7543,7.7553,7.7539,7.755,0.00%
2014_11_17_,7.7538,7.7553,7.7537,7.7547,0.00%
2014_11_14_,7.7545,7.7566,7.7534,7.7546,0.00%
2014_11_13_,7.7541,7.756,7.7529,7.7549,0.01%
2014_11_12_,7.7547,7.7556,7.7534,7.7544,-0.01%
2014_11_11_,7.7557,7.7562,7.7526,7.7549,-0.01%
2014_11_10_,7.7523,7.7558,7.7514,7.7557,0.03%
2014_11_7_,7.7528,7.7536,7.7516,7.753,0.00%
2014_11_6_,7.7517,7.7537,7.7512,7.7529,0.02%
2014_11_5_,7.7522,7.7525,7.7511,7.7517,-0.01%
2014_11_4_,7.753,7.7542,7.7512,7.7523,-0.01%
2014_11_3_,7.7546,7.756,7.7528,7.7533,-0.02%
2014_10_31_,7.7547,7.7561,7.754,7.755,0.00%
2014_10_30_,7.754,7.7561,7.7536,7.7549,0.00%
2014_10_29_,7.7573,7.7581,7.7536,7.7547,-0.04%
2014_10_28_,7.7572,7.7579,7.7566,7.7576,0.00%
2014_10_27_,7.7569,7.758,7.7564,7.7573,0.00%
2014_10_24_,7.7572,7.7585,7.7563,7.7572,0.00%
2014_10_23_,7.7572,7.758,7.7557,7.7573,0.00%
2014_10_22_,7.7561,7.7577,7.755,7.7573,0.01%
2014_10_21_,7.7573,7.7596,7.7551,7.7563,-0.02%
2014_10_20_,7.757,7.7592,7.7565,7.7576,0.00%
2014_10_17_,7.7583,7.7595,7.7564,7.7576,-0.01%
2014_10_16_,7.7561,7.7588,7.755,7.7585,0.03%
2014_10_15_,7.757,7.7599,7.7545,7.7565,-0.01%
2014_10_14_,7.7578,7.7591,7.755,7.7572,-0.01%
2014_10_13_,7.7582,7.7596,7.756,7.758,0.00%
2014_10_10_,7.756,7.76,7.755,7.7581,0.03%
2014_10_9_,7.7569,7.7572,7.7541,7.7561,-0.02%
2014_10_8_,7.7541,7.7576,7.7537,7.7573,0.03%
2014_10_7_,7.755,7.7573,7.7536,7.7547,-0.01%
2014_10_6_,7.7607,7.7615,7.7543,7.7553,-0.09%
2014_10_3_,7.7611,7.7636,7.7555,7.7622,0.01%
2014_10_2_,7.7645,7.7675,7.7607,7.7618,-0.04%
2014_10_1_,7.7648,7.7686,7.7613,7.7646,-0.01%
2014_9_30_,7.769,7.7694,7.7614,7.7652,-0.05%
2014_9_29_,7.7572,7.7702,7.7569,7.7693,0.15%
2014_9_26_,7.754,7.7584,7.7535,7.7577,0.05%
2014_9_25_,7.7517,7.7542,7.7511,7.7541,0.03%
2014_9_24_,7.7515,7.7523,7.7508,7.7519,0.00%
2014_9_23_,7.7512,7.7519,7.7506,7.7518,0.01%
2014_9_22_,7.7507,7.7515,7.7506,7.7514,0.00%
2014_9_19_,7.7508,7.7523,7.7504,7.7511,0.00%
2014_9_18_,7.7506,7.7516,7.75,7.7509,0.00%
2014_9_17_,7.751,7.7515,7.7503,7.7507,-0.01%
2014_9_16_,7.7511,7.7513,7.7503,7.7511,0.00%
2014_9_15_,7.7506,7.7511,7.75,7.7511,0.01%
2014_9_12_,7.7502,7.7511,7.7499,7.7505,0.00%
2014_9_11_,7.7506,7.7508,7.7497,7.7504,0.00%
2014_9_10_,7.7504,7.7508,7.7496,7.7507,0.00%
2014_9_9_,7.75,7.7511,7.7496,7.7507,0.01%
2014_9_8_,7.7501,7.7507,7.7495,7.7501,0.00%
2014_9_5_,7.7502,7.7511,7.7495,7.7502,0.00%
2014_9_4_,7.75,7.7507,7.7496,7.7505,0.00%
2014_9_3_,7.7502,7.7508,7.7497,7.7503,0.00%
2014_9_2_,7.75,7.7504,7.7496,7.7503,0.00%
2014_9_1_,7.7501,7.7505,7.7495,7.7502,0.00%
2014_8_29_,7.7499,7.7503,7.7495,7.7502,0.00%
2014_8_28_,7.7498,7.7502,7.7495,7.7501,0.00%
2014_8_27_,7.7505,7.7507,7.7495,7.7501,-0.01%
2014_8_26_,7.7501,7.7508,7.7496,7.7506,0.00%
2014_8_25_,7.7497,7.7505,7.7496,7.7503,0.00%
2014_8_22_,7.75,7.7504,7.7495,7.7503,0.00%
2014_8_21_,7.7507,7.7508,7.7495,7.7503,-0.01%
2014_8_20_,7.7507,7.7508,7.7498,7.7508,0.00%
2014_8_19_,7.7503,7.7508,7.7497,7.7508,0.00%
2014_8_18_,7.7506,7.7509,7.7499,7.7505,0.00%
2014_8_15_,7.7505,7.7509,7.7497,7.7503,-0.01%
2014_8_14_,7.7509,7.7512,7.75,7.7508,0.00%
2014_8_13_,7.7511,7.7513,7.7501,7.751,-0.01%
2014_8_12_,7.751,7.7514,7.7505,7.7514,0.00%
2014_8_11_,7.7509,7.7516,7.7506,7.7512,-0.01%
2014_8_8_,7.7509,7.7517,7.75,7.7516,0.01%
2014_8_7_,7.7503,7.7513,7.7497,7.7511,0.01%
2014_8_6_,7.75,7.7508,7.7496,7.7506,0.01%
2014_8_5_,7.7498,7.7501,7.7495,7.75,0.00%
2014_8_4_,7.7502,7.7502,7.7496,7.75,0.00%
2014_8_1_,7.7498,7.7501,7.7493,7.7501,0.00%
2014_7_31_,7.7498,7.7501,7.7496,7.7501,0.00%
2014_7_30_,7.7498,7.7502,7.7495,7.7501,0.00%
2014_7_29_,7.7498,7.7501,7.7496,7.7501,0.00%
2014_7_28_,7.7501,7.7502,7.7496,7.7501,0.00%
2014_7_25_,7.7498,7.7505,7.7496,7.7501,0.00%
2014_7_24_,7.7503,7.7507,7.7498,7.7501,-0.01%
2014_7_23_,7.7511,7.7515,7.7499,7.7505,-0.01%
2014_7_22_,7.7515,7.752,7.751,7.7515,0.00%
2014_7_21_,7.7506,7.7518,7.7504,7.7517,0.01%
2014_7_18_,7.7509,7.7515,7.7502,7.7511,0.00%
2014_7_17_,7.7506,7.751,7.7499,7.7509,0.00%
2014_7_16_,7.7498,7.7511,7.7497,7.7509,0.01%
2014_7_15_,7.7498,7.7501,7.7495,7.7501,0.00%
2014_7_14_,7.75,7.75,7.7495,7.75,0.00%
2014_7_11_,7.7498,7.7501,7.7496,7.7501,0.00%
2014_7_10_,7.7497,7.7502,7.7495,7.75,0.00%
2014_7_9_,7.7498,7.7503,7.7495,7.75,0.00%
2014_7_8_,7.7499,7.7504,7.7495,7.75,0.00%
2014_7_7_,7.7499,7.7505,7.7495,7.7502,0.00%
2014_7_4_,7.7499,7.751,7.7496,7.7501,0.00%
2014_7_3_,7.75,7.7511,7.7495,7.7502,0.00%
2014_7_2_,7.75,7.7513,7.7495,7.7501,0.00%
2014_7_1_,7.7503,7.7507,7.7495,7.7501,0.00%
2014_6_30_,7.7512,7.7515,7.7497,7.7504,-0.01%
2014_6_27_,7.7516,7.7522,7.7502,7.7514,-0.01%
2014_6_26_,7.7515,7.7521,7.7508,7.7519,0.00%
2014_6_25_,7.7513,7.7519,7.7508,7.7518,0.00%
2014_6_24_,7.7509,7.7519,7.7506,7.7516,0.01%
2014_6_23_,7.7511,7.7515,7.7504,7.7512,-0.01%
2014_6_20_,7.7504,7.7518,7.7499,7.7518,0.01%
2014_6_19_,7.7509,7.7511,7.7492,7.7507,-0.01%
2014_6_18_,7.7512,7.7517,7.7505,7.7511,0.00%
2014_6_17_,7.7509,7.7519,7.7507,7.7513,0.00%
2014_6_16_,7.7513,7.7515,7.7505,7.7512,-0.01%
2014_6_13_,7.7513,7.7517,7.7505,7.7516,0.00%
2014_6_12_,7.7515,7.7522,7.751,7.7515,0.00%
2014_6_11_,7.7514,7.7526,7.751,7.7517,0.00%
2014_6_10_,7.751,7.7517,7.751,7.7516,0.00%
2014_6_9_,7.7524,7.7529,7.751,7.7515,-0.01%
2014_6_6_,7.7524,7.7529,7.752,7.7524,0.00%
2014_6_5_,7.7527,7.753,7.752,7.7526,0.00%
2014_6_4_,7.7526,7.7531,7.752,7.7528,0.00%
2014_6_3_,7.7538,7.7541,7.752,7.7527,-0.02%
2014_6_2_,7.752,7.7539,7.752,7.7539,0.01%
2014_5_30_,7.7525,7.7532,7.752,7.7529,0.00%
2014_5_29_,7.7535,7.7537,7.752,7.7527,-0.01%
2014_5_28_,7.7531,7.7537,7.752,7.7537,0.01%
2014_5_27_,7.7533,7.7535,7.7522,7.7533,0.00%
2014_5_26_,7.7535,7.7538,7.7525,7.7534,0.00%
2014_5_23_,7.7536,7.7541,7.7526,7.7531,-0.01%
2014_5_22_,7.7526,7.7542,7.7523,7.7538,0.01%
2014_5_21_,7.7527,7.7529,7.7518,7.7527,0.00%
2014_5_20_,7.7519,7.7529,7.7512,7.7528,0.01%
2014_5_19_,7.7516,7.7522,7.7512,7.7522,0.00%
2014_5_16_,7.7518,7.7524,7.7512,7.7524,0.01%
2014_5_15_,7.7516,7.752,7.751,7.752,0.00%
2014_5_14_,7.7515,7.7519,7.7509,7.7518,0.00%
2014_5_13_,7.7515,7.7524,7.7509,7.7516,0.00%
2014_5_12_,7.751,7.7518,7.751,7.7517,0.00%
2014_5_9_,7.7515,7.7518,7.751,7.7516,0.00%
2014_5_8_,7.7525,7.7527,7.751,7.7518,-0.01%
2014_5_7_,7.7518,7.7527,7.751,7.7527,0.01%
2014_5_6_,7.752,7.7526,7.7515,7.752,0.00%
2014_5_5_,7.7525,7.7528,7.7518,7.752,-0.01%
2014_5_2_,7.7527,7.753,7.7516,7.7526,0.00%
2014_5_1_,7.7526,7.7533,7.752,7.7525,0.00%
2014_4_30_,7.7533,7.7534,7.7522,7.7527,-0.01%
2014_4_29_,7.7528,7.7536,7.7522,7.7534,0.01%
2014_4_28_,7.7533,7.7534,7.752,7.753,-0.01%
2014_4_25_,7.753,7.7537,7.7526,7.7534,0.00%
2014_4_24_,7.7526,7.7537,7.7524,7.7532,0.01%
2014_4_23_,7.7528,7.7534,7.7516,7.7527,0.00%
2014_4_22_,7.7537,7.754,7.7514,7.753,-0.01%
2014_4_21_,7.754,7.7547,7.7528,7.7539,-0.01%
2014_4_18_,7.7542,7.7546,7.7535,7.7544,0.00%
2014_4_17_,7.754,7.7545,7.7535,7.7543,0.00%
2014_4_16_,7.7539,7.7547,7.7535,7.7542,0.00%
2014_4_15_,7.7532,7.7547,7.7528,7.7539,0.01%
2014_4_14_,7.752,7.754,7.752,7.7534,0.01%
2014_4_11_,7.7528,7.7545,7.752,7.753,0.00%
2014_4_10_,7.7533,7.7549,7.7525,7.753,-0.01%
2014_4_9_,7.754,7.7543,7.7525,7.7534,-0.01%
2014_4_8_,7.7552,7.7561,7.7528,7.7542,-0.01%
2014_4_7_,7.7566,7.7572,7.7546,7.7553,-0.02%
2014_4_4_,7.7567,7.7577,7.7559,7.7569,0.00%
2014_4_3_,7.756,7.7576,7.7556,7.7569,0.01%
2014_4_2_,7.7561,7.7577,7.7556,7.7561,-0.01%
2014_4_1_,7.7565,7.7577,7.7556,7.7565,0.00%
2014_3_31_,7.7575,7.7584,7.756,7.7568,-0.02%
2014_3_28_,7.7577,7.7586,7.7565,7.758,0.00%
2014_3_27_,7.7579,7.7596,7.7571,7.7583,0.00%
2014_3_26_,7.7562,7.7597,7.7558,7.7583,0.03%
2014_3_25_,7.7574,7.7582,7.7555,7.7562,-0.02%
2014_3_24_,7.758,7.7605,7.7565,7.7576,-0.01%
2014_3_21_,7.764,7.7647,7.7565,7.758,-0.08%
2014_3_20_,7.7654,7.7658,7.7625,7.7642,-0.02%
2014_3_19_,7.7665,7.7667,7.7624,7.7656,-0.02%
2014_3_18_,7.7665,7.7672,7.7648,7.7669,0.00%
2014_3_17_,7.767,7.767,7.7643,7.7667,-0.01%
2014_3_14_,7.7648,7.7672,7.763,7.7672,0.03%
2014_3_13_,7.7658,7.7658,7.7627,7.7651,-0.01%
2014_3_12_,7.7622,7.7661,7.7608,7.766,0.05%
2014_3_11_,7.7611,7.7623,7.76,7.7623,0.01%
2014_3_10_,7.7601,7.7615,7.76,7.7613,0.01%
2014_3_7_,7.7606,7.7611,7.7595,7.7608,0.00%
2014_3_6_,7.7605,7.7614,7.7596,7.7608,0.00%
2014_3_5_,7.7604,7.7613,7.7595,7.7609,0.00%
2014_3_4_,7.7618,7.7621,7.7592,7.7611,-0.01%
2014_3_3_,7.76,7.7626,7.7585,7.762,0.02%
2014_2_28_,7.7615,7.7619,7.7597,7.7603,-0.02%
2014_2_27_,7.7612,7.7616,7.7582,7.7616,0.00%
2014_2_26_,7.7606,7.7614,7.7575,7.7613,0.00%
2014_2_25_,7.7584,7.7626,7.757,7.7611,0.03%
2014_2_24_,7.7549,7.7598,7.7547,7.7587,0.04%
2014_2_21_,7.7554,7.7567,7.7546,7.7553,0.00%
2014_2_20_,7.7549,7.756,7.7542,7.7556,0.01%
2014_2_19_,7.7543,7.7559,7.7538,7.7551,0.01%
2014_2_18_,7.7549,7.7557,7.7538,7.7543,-0.01%
2014_2_17_,7.7546,7.7559,7.754,7.7551,-0.01%
2014_2_14_,7.7556,7.7563,7.7544,7.7555,0.00%
2014_2_13_,7.7562,7.7573,7.755,7.7557,-0.02%
2014_2_12_,7.7561,7.7569,7.7545,7.7569,0.01%
2014_2_11_,7.7573,7.7573,7.7555,7.7563,-0.01%
2014_2_10_,7.7583,7.7584,7.756,7.7573,-0.02%
2014_2_7_,7.7594,7.76,7.7575,7.7587,-0.01%
2014_2_6_,7.7616,7.7619,7.758,7.7596,-0.03%
2014_2_5_,7.7636,7.7636,7.7609,7.7617,-0.03%
2014_2_4_,7.7669,7.7672,7.7625,7.7637,-0.05%
2014_2_3_,7.763,7.7673,7.7623,7.7672,0.05%
2014_1_31_,7.767,7.7673,7.7629,7.7637,-0.05%
2014_1_30_,7.7638,7.7672,7.7635,7.7672,0.04%
2014_1_29_,7.7647,7.765,7.762,7.764,-0.02%
2014_1_28_,7.766,7.7672,7.7625,7.7652,-0.01%
2014_1_27_,7.762,7.7676,7.7608,7.7663,0.05%
2014_1_24_,7.7586,7.7643,7.758,7.7626,0.05%
2014_1_23_,7.7579,7.7588,7.757,7.7588,0.01%
2014_1_22_,7.757,7.7584,7.756,7.758,0.01%
2014_1_21_,7.7564,7.7572,7.7557,7.7572,0.01%
2014_1_20_,7.7552,7.7569,7.755,7.7565,0.02%
2014_1_17_,7.7546,7.7564,7.7539,7.7553,0.01%
2014_1_16_,7.7541,7.7549,7.7536,7.7548,0.01%
2014_1_15_,7.7541,7.7545,7.7535,7.7542,0.00%
2014_1_14_,7.7542,7.7546,7.7535,7.7542,0.00%
2014_1_13_,7.7543,7.7549,7.7533,7.7543,0.00%
2014_1_10_,7.754,7.7552,7.7536,7.7546,0.00%
2014_1_9_,7.7539,7.7546,7.7536,7.7544,0.00%
2014_1_8_,7.7543,7.7548,7.7534,7.7541,-0.01%
2014_1_7_,7.7545,7.7546,7.7534,7.7545,0.00%
2014_1_6_,7.7543,7.7549,7.7537,7.7546,0.01%
2014_1_3_,7.7537,7.7549,7.7534,7.7541,0.00%
2014_1_2_,7.7537,7.7544,7.753,7.7538,0.00%
2014_1_1_,7.7538,7.754,7.753,7.7535,-0.01%
2013_12_31_,7.7545,7.7548,7.753,7.7539,-0.01%
2013_12_30_,7.7542,7.7552,7.7535,7.7547,0.00%
2013_12_27_,7.7551,7.7553,7.7535,7.755,0.00%
2013_12_26_,7.7547,7.7555,7.7538,7.7553,0.01%
2013_12_25_,7.7545,7.7554,7.7539,7.7549,0.00%
2013_12_24_,7.7535,7.755,7.753,7.7546,0.01%
2013_12_23_,7.754,7.7545,7.753,7.7538,-0.01%
2013_12_20_,7.7535,7.7552,7.753,7.7545,0.01%
2013_12_19_,7.7522,7.7539,7.7516,7.7535,0.01%
2013_12_18_,7.7524,7.7528,7.7515,7.7524,0.00%
2013_12_17_,7.7533,7.7535,7.752,7.7526,-0.01%
2013_12_16_,7.7531,7.7537,7.7525,7.7534,-0.01%
2013_12_13_,7.7531,7.7538,7.7525,7.7538,0.00%
2013_12_12_,7.7541,7.7544,7.7528,7.7538,-0.01%
2013_12_11_,7.7534,7.7545,7.7526,7.7543,0.01%
2013_12_10_,7.753,7.7537,7.7524,7.7537,0.01%
2013_12_9_,7.7544,7.7547,7.7526,7.7532,-0.02%
2013_12_6_,7.7538,7.7549,7.7532,7.7545,0.01%
2013_12_5_,7.7526,7.7542,7.7525,7.754,0.02%
2013_12_4_,7.7524,7.7536,7.7518,7.7528,0.01%
2013_12_3_,7.7519,7.7526,7.7514,7.7524,0.01%
2013_12_2_,7.7525,7.7528,7.7514,7.752,-0.01%
2013_11_29_,7.752,7.753,7.7519,7.7527,0.00%
2013_11_28_,7.7528,7.7529,7.7517,7.7525,-0.01%
2013_11_27_,7.7522,7.7531,7.7513,7.753,0.01%
2013_11_26_,7.7527,7.7529,7.7516,7.7523,-0.01%
2013_11_25_,7.752,7.7531,7.7518,7.7527,-0.01%
2013_11_22_,7.7523,7.7536,7.7515,7.7531,0.01%
2013_11_21_,7.7514,7.7527,7.751,7.7526,0.01%
2013_11_20_,7.7514,7.7518,7.7509,7.7517,0.00%
2013_11_19_,7.7521,7.7526,7.7509,7.7516,-0.01%
2013_11_18_,7.7535,7.7538,7.7515,7.7523,-0.02%
2013_11_15_,7.753,7.7544,7.7528,7.7539,0.00%
2013_11_14_,7.7531,7.7537,7.7525,7.7537,0.01%
2013_11_13_,7.7528,7.7534,7.7523,7.7532,0.00%
2013_11_12_,7.7524,7.7533,7.752,7.753,0.00%
2013_11_11_,7.7516,7.7534,7.7511,7.7527,0.01%
2013_11_8_,7.7517,7.7518,7.751,7.7517,0.00%
2013_11_7_,7.7517,7.7518,7.751,7.7516,0.00%
2013_11_6_,7.7515,7.7521,7.751,7.7516,0.00%
2013_11_5_,7.7518,7.752,7.7509,7.7518,0.00%
2013_11_4_,7.7522,7.7525,7.7512,7.7518,0.00%
2013_11_1_,7.7531,7.7533,7.7515,7.752,-0.01%
2013_10_31_,7.7532,7.7535,7.7523,7.753,-0.01%
2013_10_30_,7.7531,7.7537,7.752,7.7534,0.00%
2013_10_29_,7.7532,7.7536,7.7522,7.7535,0.00%
2013_10_28_,7.7533,7.7538,7.7526,7.7534,-0.01%
2013_10_25_,7.7536,7.7545,7.7526,7.7538,-0.01%
2013_10_24_,7.7532,7.755,7.7519,7.7543,0.01%
2013_10_23_,7.7523,7.7534,7.7515,7.7534,0.01%
2013_10_22_,7.7521,7.753,7.7518,7.7526,0.00%
2013_10_21_,7.7527,7.7536,7.7518,7.7523,-0.02%
2013_10_18_,7.754,7.7541,7.7525,7.754,0.00%
2013_10_17_,7.7546,7.7547,7.7533,7.7542,-0.01%
2013_10_16_,7.7544,7.7547,7.7533,7.7546,0.00%
2013_10_15_,7.754,7.7548,7.7537,7.7546,0.00%
2013_10_14_,7.7541,7.7548,7.7535,7.7545,0.00%
2013_10_11_,7.7547,7.7548,7.7535,7.7542,-0.01%
2013_10_10_,7.7542,7.7548,7.7535,7.7547,0.00%
2013_10_9_,7.7539,7.7545,7.7534,7.7545,0.00%
2013_10_8_,7.7543,7.7545,7.753,7.7542,0.00%
2013_10_7_,7.7542,7.7547,7.7536,7.7543,0.00%
2013_10_4_,7.754,7.7547,7.7535,7.7546,0.00%
2013_10_3_,7.7543,7.7546,7.7536,7.7543,0.00%
2013_10_2_,7.7537,7.755,7.7535,7.7545,0.01%
2013_10_1_,7.7558,7.7559,7.753,7.7541,-0.02%
2013_9_30_,7.7538,7.756,7.7534,7.756,0.02%
2013_9_27_,7.7538,7.7548,7.7532,7.7542,0.00%
2013_9_26_,7.7536,7.7544,7.753,7.7541,0.00%
2013_9_25_,7.753,7.7544,7.7527,7.7539,0.00%
2013_9_24_,7.7532,7.7538,7.7525,7.7537,0.00%
2013_9_23_,7.7528,7.7538,7.7524,7.7534,0.00%
2013_9_20_,7.7535,7.7539,7.752,7.7531,-0.01%
2013_9_19_,7.7535,7.7542,7.7528,7.754,0.00%
2013_9_18_,7.7538,7.7546,7.753,7.754,0.00%
2013_9_17_,7.754,7.7547,7.753,7.754,0.00%
2013_9_16_,7.7539,7.7544,7.753,7.7542,-0.01%
2013_9_13_,7.7538,7.7547,7.7533,7.7546,0.01%
2013_9_12_,7.7541,7.7545,7.753,7.7541,-0.01%
2013_9_11_,7.754,7.7552,7.7536,7.7545,0.00%
2013_9_10_,7.7546,7.755,7.7534,7.7547,0.00%
2013_9_9_,7.7549,7.7558,7.7543,7.7549,0.00%
2013_9_6_,7.7552,7.7564,7.7545,7.755,-0.01%
2013_9_5_,7.7551,7.756,7.7545,7.7554,0.00%
2013_9_4_,7.7544,7.7567,7.7539,7.7553,0.01%
2013_9_3_,7.7541,7.7552,7.7535,7.7547,0.00%
2013_9_2_,7.7547,7.755,7.7535,7.7545,-0.01%
2013_8_30_,7.7552,7.7557,7.7535,7.755,-0.01%
2013_8_29_,7.7557,7.7557,7.754,7.7555,-0.01%
2013_8_28_,7.7565,7.7568,7.7545,7.7561,-0.01%
2013_8_27_,7.7556,7.7569,7.7549,7.7565,0.01%
2013_8_26_,7.755,7.7561,7.7545,7.7561,0.02%
2013_8_23_,7.7554,7.756,7.7537,7.7549,-0.01%
2013_8_22_,7.7543,7.756,7.754,7.7557,0.01%
2013_8_21_,7.7545,7.755,7.7537,7.7546,0.00%
2013_8_20_,7.7544,7.7551,7.7534,7.7549,0.00%
2013_8_19_,7.7537,7.7547,7.7528,7.7547,0.01%
2013_8_16_,7.7543,7.7547,7.753,7.7542,0.00%
2013_8_15_,7.7552,7.7557,7.7535,7.7545,-0.01%
2013_8_14_,7.755,7.756,7.7545,7.7555,0.00%
2013_8_13_,7.7553,7.7559,7.7545,7.7552,-0.01%
2013_8_12_,7.7551,7.7561,7.754,7.756,0.00%
2013_8_9_,7.756,7.7563,7.754,7.7557,-0.01%
2013_8_8_,7.7566,7.7569,7.7553,7.7561,-0.01%
2013_8_7_,7.7562,7.7569,7.7553,7.7569,0.01%
2013_8_6_,7.7567,7.757,7.7553,7.7565,-0.01%
2013_8_5_,7.756,7.757,7.755,7.7569,0.01%
2013_8_2_,7.7561,7.7569,7.7554,7.7564,0.00%
2013_8_1_,7.7555,7.7565,7.7543,7.7562,0.01%
2013_7_31_,7.7549,7.7558,7.7534,7.7558,0.01%
2013_7_30_,7.757,7.7574,7.754,7.7553,-0.02%
2013_7_29_,7.756,7.7575,7.7558,7.7572,0.00%
2013_7_26_,7.7572,7.7578,7.756,7.7572,0.00%
2013_7_25_,7.7575,7.7579,7.7566,7.7574,0.00%
2013_7_24_,7.7573,7.7579,7.7565,7.7577,0.00%
2013_7_23_,7.7585,7.7588,7.7566,7.7576,-0.02%
2013_7_22_,7.7575,7.7589,7.7568,7.7588,0.01%
2013_7_19_,7.7579,7.7583,7.7567,7.7581,0.00%
2013_7_18_,7.7567,7.7583,7.7565,7.7583,0.01%
2013_7_17_,7.7576,7.758,7.756,7.7573,-0.01%
2013_7_16_,7.7593,7.7593,7.7563,7.7578,-0.02%
2013_7_15_,7.7585,7.7595,7.7568,7.7595,0.01%
2013_7_12_,7.7564,7.7588,7.7558,7.7588,0.03%
2013_7_11_,7.7568,7.7574,7.7555,7.7565,-0.01%
2013_7_10_,7.7565,7.7574,7.7556,7.757,0.00%
2013_7_9_,7.7564,7.7574,7.7549,7.7569,0.01%
2013_7_8_,7.7543,7.7565,7.7533,7.7565,0.02%
2013_7_5_,7.753,7.7549,7.7527,7.7546,0.01%
2013_7_4_,7.7533,7.7546,7.7517,7.7536,-0.01%
2013_7_3_,7.7532,7.7549,7.7525,7.7541,0.01%
2013_7_2_,7.7552,7.7561,7.7525,7.7532,-0.03%
2013_7_1_,7.756,7.7572,7.7545,7.7558,-0.01%
2013_6_28_,7.7579,7.7583,7.7553,7.7565,-0.02%
2013_6_27_,7.759,7.7592,7.7558,7.7583,-0.01%
2013_6_26_,7.758,7.76,7.756,7.7591,0.01%
2013_6_25_,7.757,7.7584,7.755,7.7583,0.01%
2013_6_24_,7.7577,7.7584,7.7546,7.7577,-0.01%
2013_6_21_,7.757,7.7586,7.7533,7.7584,0.02%
2013_6_20_,7.7572,7.7585,7.753,7.757,-0.01%
2013_6_19_,7.7583,7.7593,7.7549,7.7576,-0.01%
2013_6_18_,7.759,7.7598,7.7575,7.7584,-0.02%
2013_6_17_,7.76,7.7616,7.758,7.7596,-0.02%
2013_6_14_,7.7642,7.7652,7.7598,7.7611,-0.04%
2013_6_13_,7.7641,7.766,7.763,7.7645,0.00%
2013_6_12_,7.764,7.7656,7.763,7.7644,0.00%
2013_6_11_,7.7635,7.7651,7.7626,7.7642,0.00%
2013_6_10_,7.7626,7.7642,7.7612,7.7641,0.02%
2013_6_7_,7.763,7.7633,7.7608,7.7626,-0.01%
2013_6_6_,7.761,7.7632,7.7595,7.7632,0.02%
2013_6_5_,7.759,7.7616,7.7587,7.7613,0.02%
2013_6_4_,7.7622,7.763,7.7586,7.7598,-0.03%
2013_6_3_,7.7633,7.7638,7.7616,7.7622,-0.01%
2013_5_31_,7.7636,7.7643,7.7616,7.7626,-0.02%
2013_5_30_,7.7643,7.7643,7.7628,7.7638,-0.01%
2013_5_29_,7.7636,7.7644,7.7626,7.7644,0.01%
2013_5_28_,7.7632,7.764,7.7627,7.7638,0.00%
2013_5_27_,7.7628,7.7637,7.7623,7.7635,0.01%
2013_5_24_,7.7624,7.764,7.762,7.763,0.00%
2013_5_23_,7.7606,7.7635,7.7603,7.7629,0.02%
2013_5_22_,7.7611,7.7617,7.76,7.7611,0.00%
2013_5_21_,7.7625,7.7628,7.76,7.7614,-0.02%
2013_5_20_,7.7629,7.7635,7.761,7.7626,-0.01%
2013_5_17_,7.7631,7.7641,7.7616,7.763,0.00%
2013_5_16_,7.7613,7.7639,7.7609,7.7633,0.02%
2013_5_15_,7.7616,7.762,7.7604,7.7619,0.00%
2013_5_14_,7.7612,7.7619,7.7602,7.7619,0.01%
2013_5_13_,7.7603,7.7618,7.7597,7.7613,0.00%
2013_5_10_,7.7588,7.7613,7.7583,7.7613,0.03%
2013_5_9_,7.7596,7.7604,7.758,7.7591,-0.01%
2013_5_8_,7.7603,7.7615,7.759,7.7598,-0.01%
2013_5_7_,7.7591,7.7617,7.7585,7.7604,0.01%
2013_5_6_,7.7584,7.7603,7.7577,7.7595,0.01%
2013_5_3_,7.7592,7.76,7.7579,7.7588,-0.01%
2013_5_2_,7.7603,7.7606,7.7578,7.7595,-0.01%
2013_5_1_,7.7596,7.7608,7.759,7.7603,0.00%
2013_4_30_,7.761,7.7616,7.7595,7.7602,-0.01%
2013_4_29_,7.7632,7.7636,7.76,7.7613,-0.03%
2013_4_26_,7.7644,7.7648,7.7624,7.7633,-0.02%
2013_4_25_,7.7641,7.7648,7.763,7.7645,0.00%
2013_4_24_,7.7644,7.7649,7.763,7.7644,0.00%
2013_4_23_,7.7637,7.7649,7.763,7.7646,0.01%
2013_4_22_,7.7632,7.7643,7.763,7.764,0.00%
2013_4_19_,7.764,7.7644,7.7623,7.764,-0.01%
2013_4_18_,7.7626,7.7644,7.762,7.7644,0.02%
2013_4_17_,7.7622,7.7631,7.7614,7.763,0.00%
2013_4_16_,7.7618,7.7628,7.761,7.7627,0.00%
2013_4_15_,7.7617,7.7629,7.761,7.7624,0.00%
2013_4_12_,7.7611,7.7622,7.76,7.7622,0.01%
2013_4_11_,7.763,7.763,7.76,7.7611,-0.02%
2013_4_10_,7.7634,7.7638,7.7606,7.763,-0.01%
2013_4_9_,7.7632,7.7644,7.7625,7.7637,0.00%
2013_4_8_,7.764,7.765,7.762,7.7636,-0.01%
2013_4_5_,7.7632,7.7664,7.7617,7.7645,0.02%
2013_4_4_,7.7617,7.7636,7.761,7.7633,0.02%
2013_4_3_,7.762,7.7627,7.761,7.7617,-0.01%
2013_4_2_,7.7623,7.7634,7.7613,7.7622,-0.01%
2013_4_1_,7.762,7.7639,7.7619,7.763,-0.01%
2013_3_29_,7.7625,7.7637,7.7617,7.7635,0.01%
2013_3_28_,7.763,7.7651,7.7616,7.7626,-0.01%
2013_3_27_,7.7596,7.7641,7.7586,7.7634,0.04%
2013_3_26_,7.7617,7.7619,7.758,7.7602,-0.02%
2013_3_25_,7.7626,7.7636,7.7603,7.7618,-0.03%
2013_3_22_,7.7624,7.764,7.7615,7.7638,0.02%
2013_3_21_,7.7626,7.7635,7.761,7.7625,0.00%
2013_3_20_,7.7617,7.7628,7.7607,7.7626,0.01%
2013_3_19_,7.7615,7.7626,7.759,7.7622,0.00%
2013_3_18_,7.7601,7.762,7.7592,7.762,0.01%
2013_3_15_,7.7581,7.7614,7.757,7.7611,0.04%
2013_3_14_,7.7581,7.7589,7.7564,7.7583,-0.01%
2013_3_13_,7.7568,7.7589,7.756,7.7588,0.03%
2013_3_12_,7.7569,7.7571,7.7555,7.7568,0.00%
2013_3_11_,7.7566,7.7573,7.7557,7.7571,0.00%
2013_3_8_,7.7561,7.7574,7.755,7.7569,0.01%
2013_3_7_,7.7556,7.7571,7.7551,7.7564,0.01%
2013_3_6_,7.7555,7.7564,7.7547,7.7557,0.00%
2013_3_5_,7.7553,7.7564,7.7547,7.7556,0.00%
2013_3_4_,7.7542,7.7572,7.7538,7.7553,0.01%
2013_3_1_,7.755,7.7561,7.7535,7.7546,-0.01%
2013_2_28_,7.7565,7.7574,7.7534,7.7552,-0.03%
2013_2_27_,7.7585,7.7587,7.7563,7.7572,-0.02%
2013_2_26_,7.756,7.7595,7.7554,7.7585,0.03%
2013_2_25_,7.7554,7.757,7.7554,7.7561,-0.01%
2013_2_22_,7.7551,7.7572,7.7549,7.7565,0.01%
2013_2_21_,7.7541,7.7562,7.7537,7.7557,0.02%
2013_2_20_,7.754,7.7549,7.7536,7.7545,0.00%
2013_2_19_,7.7535,7.7551,7.7535,7.7542,0.00%
2013_2_18_,7.7543,7.7554,7.7535,7.7544,0.00%
2013_2_15_,7.7538,7.7551,7.7533,7.7545,0.01%
2013_2_14_,7.7555,7.7562,7.753,7.754,-0.03%
2013_2_13_,7.7549,7.7564,7.7545,7.7562,0.02%
2013_2_12_,7.7549,7.7559,7.754,7.755,-0.01%
2013_2_11_,7.7545,7.7557,7.754,7.7556,0.01%
2013_2_8_,7.7548,7.7565,7.7538,7.7547,0.00%
2013_2_7_,7.7539,7.7566,7.753,7.755,0.01%
2013_2_6_,7.7541,7.7547,7.7526,7.7542,-0.01%
2013_2_5_,7.7535,7.755,7.7528,7.7547,0.01%
2013_2_4_,7.7559,7.7578,7.7525,7.7537,-0.03%
2013_2_1_,7.7548,7.7583,7.7535,7.7564,0.02%
2013_1_31_,7.758,7.7582,7.7546,7.7552,-0.04%
2013_1_30_,7.7582,7.7592,7.757,7.758,-0.01%
2013_1_29_,7.7569,7.76,7.7565,7.7584,0.02%
2013_1_28_,7.753,7.7585,7.753,7.757,0.04%
2013_1_25_,7.7533,7.7544,7.7524,7.7542,0.01%
2013_1_24_,7.7529,7.7535,7.752,7.7534,0.01%
2013_1_23_,7.7533,7.7537,7.7523,7.7528,-0.01%
2013_1_22_,7.7531,7.7538,7.752,7.7538,0.01%
2013_1_21_,7.7524,7.7533,7.7519,7.7533,0.01%
2013_1_18_,7.7523,7.7529,7.7515,7.7526,0.00%
2013_1_17_,7.7522,7.7529,7.7515,7.7523,0.00%
2013_1_16_,7.7518,7.7529,7.751,7.7523,0.01%
2013_1_15_,7.7519,7.7533,7.751,7.7519,-0.01%
2013_1_14_,7.7518,7.7528,7.7512,7.7523,0.01%
2013_1_11_,7.7508,7.7529,7.7506,7.7519,0.01%
2013_1_10_,7.7521,7.7522,7.7506,7.7512,-0.01%
2013_1_9_,7.7513,7.7523,7.7504,7.7523,0.01%
2013_1_8_,7.7502,7.7521,7.75,7.7514,0.01%
2013_1_7_,7.7503,7.7514,7.7496,7.7508,0.00%
2013_1_4_,7.7505,7.752,7.7499,7.7505,0.00%
2013_1_3_,7.7503,7.7519,7.75,7.7508,0.00%
2013_1_2_,7.7502,7.7521,7.75,7.7508,0.00%
2013_1_1_,7.7498,7.7508,7.7496,7.7508,0.01%
2012_12_31_,7.7512,7.7517,7.7496,7.7503,-0.01%
2012_12_28_,7.7518,7.7522,7.7502,7.7514,-0.01%
2012_12_27_,7.7499,7.7521,7.7497,7.7519,0.02%
2012_12_26_,7.7505,7.7507,7.7496,7.7505,0.00%
2012_12_25_,7.7503,7.7507,7.7495,7.7505,0.00%
2012_12_24_,7.75,7.7509,7.7495,7.7504,0.00%
2012_12_21_,7.75,7.7504,7.7495,7.7502,0.00%
2012_12_20_,7.75,7.7501,7.7494,7.75,0.00%
2012_12_19_,7.75,7.7501,7.7494,7.75,0.00%
2012_12_18_,7.75,7.7506,7.7495,7.7501,0.00%
2012_12_17_,7.7497,7.7505,7.7495,7.75,0.00%
2012_12_14_,7.7499,7.7503,7.7495,7.7501,0.00%
2012_12_13_,7.7497,7.7502,7.7495,7.75,0.00%
2012_12_12_,7.75,7.7501,7.7488,7.7501,0.00%
2012_12_11_,7.75,7.7501,7.7491,7.75,0.00%
2012_12_10_,7.7499,7.7505,7.7488,7.75,0.00%
2012_12_7_,7.7499,7.7502,7.7489,7.7501,0.00%
2012_12_6_,7.7498,7.7502,7.749,7.75,0.00%
2012_12_5_,7.7498,7.7501,7.7488,7.75,0.00%
2012_12_4_,7.7496,7.7502,7.7488,7.75,0.00%
2012_12_3_,7.75,7.7502,7.7488,7.75,0.00%
2012_11_30_,7.7497,7.7503,7.7488,7.7503,0.00%
2012_11_29_,7.7498,7.7505,7.7488,7.75,0.00%
2012_11_28_,7.7495,7.7506,7.7488,7.75,0.00%
2012_11_27_,7.7497,7.7504,7.7488,7.7501,0.00%
2012_11_26_,7.7502,7.7506,7.7488,7.7501,0.00%
2012_11_23_,7.7505,7.7509,7.7494,7.7504,-0.01%
2012_11_22_,7.75,7.7512,7.7497,7.7508,0.00%
2012_11_21_,7.7499,7.7514,7.7494,7.7505,0.01%
2012_11_20_,7.7518,7.7524,7.7495,7.7501,-0.03%
2012_11_19_,7.7513,7.7524,7.7508,7.7524,0.00%
2012_11_16_,7.7517,7.7525,7.7507,7.7523,0.00%
2012_11_15_,7.7502,7.752,7.7497,7.752,0.02%
2012_11_14_,7.7504,7.7509,7.7497,7.7504,0.00%
2012_11_13_,7.7505,7.7508,7.7497,7.7504,-0.01%
2012_11_12_,7.7508,7.7511,7.7498,7.751,-0.01%
2012_11_9_,7.7511,7.7517,7.75,7.7515,0.00%
2012_11_8_,7.7504,7.7515,7.7496,7.7515,0.01%
2012_11_7_,7.7499,7.7506,7.7496,7.7505,0.00%
2012_11_6_,7.7501,7.7507,7.7493,7.7504,0.00%
2012_11_5_,7.7502,7.7506,7.7494,7.7503,0.00%
2012_11_2_,7.7497,7.7505,7.7488,7.7504,0.00%
2012_11_1_,7.7498,7.7503,7.7494,7.7501,0.00%
2012_10_31_,7.7496,7.7503,7.7488,7.7501,0.00%
2012_10_30_,7.7496,7.7503,7.7488,7.7502,0.00%
2012_10_29_,7.7501,7.7507,7.7494,7.7503,0.00%
2012_10_26_,7.7497,7.7505,7.7493,7.7503,0.00%
2012_10_25_,7.7504,7.7506,7.7494,7.7504,0.00%
2012_10_24_,7.7501,7.7507,7.7493,7.7507,0.01%
2012_10_23_,7.7496,7.7505,7.7493,7.7501,0.00%
2012_10_22_,7.7502,7.7509,7.7493,7.7503,0.00%
2012_10_19_,7.7499,7.7509,7.7493,7.75,0.00%
2012_10_18_,7.7509,7.7517,7.7495,7.7502,-0.02%
2012_10_17_,7.7511,7.7522,7.75,7.7514,0.00%
2012_10_16_,7.7505,7.7514,7.75,7.7514,0.00%
2012_10_15_,7.7517,7.7519,7.75,7.7511,-0.01%
2012_10_12_,7.7522,7.7525,7.7505,7.7515,-0.01%
2012_10_11_,7.7525,7.7527,7.7508,7.7524,0.00%
2012_10_10_,7.7519,7.7527,7.751,7.7527,0.01%
2012_10_9_,7.7519,7.7529,7.751,7.7521,-0.01%
2012_10_8_,7.752,7.753,7.7514,7.7526,0.00%
2012_10_5_,7.7539,7.7547,7.7513,7.7523,-0.03%
2012_10_4_,7.7545,7.7553,7.7536,7.7545,0.00%
2012_10_3_,7.7549,7.7559,7.7537,7.7547,0.00%
2012_10_2_,7.7541,7.7551,7.7528,7.755,0.01%
2012_10_1_,7.7536,7.7546,7.7527,7.7544,0.00%
2012_9_28_,7.7532,7.7543,7.7525,7.7543,0.01%
2012_9_27_,7.7539,7.7543,7.7528,7.7538,-0.01%
2012_9_26_,7.7538,7.7544,7.7524,7.7543,0.01%
2012_9_25_,7.7532,7.7542,7.752,7.7538,0.01%
2012_9_24_,7.753,7.7541,7.7513,7.7533,0.00%
2012_9_21_,7.7529,7.7537,7.7508,7.7535,0.00%
2012_9_20_,7.7531,7.754,7.7518,7.7534,0.00%
2012_9_19_,7.7522,7.7534,7.7514,7.7534,0.01%
2012_9_18_,7.7512,7.7525,7.7509,7.7525,0.01%
2012_9_17_,7.751,7.7527,7.7506,7.7517,0.00%
2012_9_14_,7.7538,7.7546,7.7503,7.7516,-0.03%
2012_9_13_,7.754,7.7554,7.7534,7.7543,0.00%
2012_9_12_,7.7541,7.7555,7.7532,7.7545,0.00%
2012_9_11_,7.7547,7.7553,7.7532,7.7543,-0.01%
2012_9_10_,7.7553,7.7561,7.7544,7.7552,-0.01%
2012_9_7_,7.7564,7.7569,7.7548,7.7558,-0.01%
2012_9_6_,7.7563,7.7571,7.7556,7.7566,0.00%
2012_9_5_,7.7561,7.7573,7.7555,7.7565,0.00%
2012_9_4_,7.7565,7.7568,7.7553,7.7566,0.00%
2012_9_3_,7.7553,7.7571,7.755,7.7568,0.01%
2012_8_31_,7.7557,7.7564,7.755,7.7557,-0.01%
2012_8_30_,7.7551,7.7567,7.7549,7.7561,0.01%
2012_8_29_,7.7557,7.7567,7.7549,7.7556,-0.01%
2012_8_28_,7.7557,7.7565,7.755,7.7562,0.00%
2012_8_27_,7.7557,7.7564,7.7551,7.7561,-0.01%
2012_8_24_,7.7559,7.7569,7.755,7.7569,0.01%
2012_8_23_,7.7561,7.7571,7.755,7.7564,0.00%
2012_8_22_,7.756,7.7571,7.7557,7.7563,-0.01%
2012_8_21_,7.757,7.7572,7.7558,7.7568,-0.01%
2012_8_20_,7.756,7.7575,7.7554,7.7572,0.00%
2012_8_17_,7.7563,7.7573,7.7555,7.7569,0.00%
2012_8_16_,7.7572,7.7575,7.7557,7.7568,-0.01%
2012_8_15_,7.7562,7.758,7.7557,7.7577,0.01%
2012_8_14_,7.7565,7.7573,7.7557,7.7568,0.00%
2012_8_13_,7.7567,7.7586,7.7556,7.7567,-0.01%
2012_8_10_,7.7553,7.7578,7.7547,7.7575,0.02%
2012_8_9_,7.7551,7.7574,7.7546,7.7556,0.00%
2012_8_8_,7.7547,7.7564,7.7538,7.7556,0.01%
2012_8_7_,7.7551,7.7554,7.7534,7.7549,-0.01%
2012_8_6_,7.7542,7.7556,7.7535,7.7555,0.01%
2012_8_3_,7.7541,7.7556,7.7535,7.7547,0.00%
2012_8_2_,7.7551,7.7562,7.7536,7.7545,-0.01%
2012_8_1_,7.7539,7.7554,7.7527,7.7554,0.01%
2012_7_31_,7.7553,7.7555,7.7525,7.7545,-0.01%
2012_7_30_,7.7566,7.757,7.7541,7.7554,-0.02%
2012_7_27_,7.7584,7.7587,7.756,7.7573,-0.02%
2012_7_26_,7.758,7.7588,7.7565,7.7587,0.01%
2012_7_25_,7.7576,7.7585,7.7565,7.7583,0.01%
2012_7_24_,7.757,7.7582,7.756,7.7575,0.00%
2012_7_23_,7.7558,7.7575,7.7554,7.7575,0.02%
2012_7_20_,7.7551,7.7572,7.7547,7.7562,0.01%
2012_7_19_,7.7556,7.7564,7.7544,7.7556,0.00%
2012_7_18_,7.7562,7.7572,7.7552,7.7559,0.00%
2012_7_17_,7.7572,7.7573,7.755,7.7561,-0.02%
2012_7_16_,7.7557,7.7578,7.755,7.7574,0.00%
2012_7_13_,7.757,7.7576,7.755,7.7575,0.00%
2012_7_12_,7.7541,7.7579,7.7532,7.7576,0.04%
2012_7_11_,7.7539,7.7549,7.753,7.7543,0.00%
2012_7_10_,7.7545,7.7554,7.753,7.7541,-0.02%
2012_7_9_,7.7537,7.7554,7.7521,7.7553,0.02%
2012_7_6_,7.7543,7.7547,7.7523,7.7538,-0.02%
2012_7_5_,7.7547,7.7556,7.7526,7.755,0.00%
2012_7_4_,7.7539,7.7557,7.7528,7.7549,0.00%
2012_7_3_,7.7579,7.7579,7.7519,7.7547,-0.04%
2012_7_2_,7.7567,7.7583,7.7547,7.7581,0.01%
2012_6_29_,7.7589,7.7591,7.755,7.7573,-0.02%
2012_6_28_,7.7584,7.7595,7.7574,7.7592,0.01%
2012_6_27_,7.759,7.7592,7.7578,7.7588,0.00%
2012_6_26_,7.7599,7.7605,7.7575,7.759,-0.01%
2012_6_25_,7.7604,7.7609,7.758,7.7601,0.00%
2012_6_22_,7.7599,7.7614,7.759,7.7602,0.00%
2012_6_21_,7.7587,7.761,7.758,7.7602,0.02%
2012_6_20_,7.7588,7.7594,7.7576,7.759,0.00%
2012_6_19_,7.7583,7.7594,7.7578,7.759,0.00%
2012_6_18_,7.7583,7.7603,7.7576,7.7587,-0.01%
2012_6_15_,7.7588,7.7599,7.757,7.7597,0.01%
2012_6_14_,7.7591,7.7592,7.7577,7.7589,0.00%
2012_6_13_,7.7578,7.7593,7.756,7.7592,0.01%
2012_6_12_,7.7596,7.76,7.753,7.7582,-0.03%
2012_6_11_,7.7575,7.7606,7.757,7.7602,0.02%
2012_6_8_,7.7581,7.7588,7.757,7.7585,0.00%
2012_6_7_,7.7578,7.7588,7.7574,7.7583,0.00%
2012_6_6_,7.7587,7.7596,7.757,7.7581,-0.01%
2012_6_5_,7.7585,7.7596,7.7577,7.7588,0.00%
2012_6_4_,7.7606,7.7623,7.758,7.7588,-0.02%
2012_6_1_,7.7624,7.7631,7.7593,7.7605,-0.03%
2012_5_31_,7.7672,7.7673,7.7595,7.7626,-0.06%
2012_5_30_,7.7635,7.7676,7.7618,7.7671,0.04%
2012_5_29_,7.7624,7.7643,7.7615,7.7641,0.02%
2012_5_28_,7.7623,7.7637,7.7606,7.7628,-0.01%
2012_5_25_,7.7632,7.7636,7.761,7.7636,0.00%
2012_5_24_,7.7643,7.7648,7.762,7.7633,-0.02%
2012_5_23_,7.7642,7.7677,7.7635,7.7646,0.00%
2012_5_22_,7.764,7.7667,7.763,7.7645,0.00%
2012_5_21_,7.7664,7.7675,7.763,7.7642,-0.04%
2012_5_18_,7.7691,7.771,7.7645,7.7671,-0.03%
2012_5_17_,7.768,7.77,7.767,7.7696,0.01%
2012_5_16_,7.7678,7.7699,7.7669,7.7685,0.00%
2012_5_15_,7.7658,7.7683,7.764,7.7683,0.03%
2012_5_14_,7.7653,7.7664,7.7638,7.7663,0.01%
2012_5_11_,7.7629,7.7664,7.762,7.7652,0.02%
2012_5_10_,7.763,7.7638,7.7615,7.7634,0.00%
2012_5_9_,7.762,7.7638,7.7608,7.7635,0.02%
2012_5_8_,7.7632,7.7632,7.7607,7.7623,-0.01%
2012_5_7_,7.7611,7.7637,7.7605,7.7633,0.03%
2012_5_4_,7.7584,7.7623,7.7582,7.7607,0.02%
2012_5_3_,7.7587,7.7604,7.7573,7.759,0.00%
2012_5_2_,7.7576,7.7588,7.7567,7.7587,0.01%
2012_5_1_,7.7577,7.7586,7.7568,7.7582,0.00%
2012_4_30_,7.7588,7.7592,7.757,7.7585,-0.01%
2012_4_27_,7.7599,7.76,7.758,7.7595,-0.01%
2012_4_26_,7.7594,7.7601,7.7577,7.76,0.00%
2012_4_25_,7.7595,7.7605,7.758,7.7603,0.01%
2012_4_24_,7.7598,7.7609,7.7586,7.7595,-0.01%
2012_4_23_,7.7604,7.7618,7.7597,7.7605,0.00%
2012_4_20_,7.7608,7.7628,7.7597,7.7606,-0.02%
2012_4_19_,7.7615,7.7634,7.7601,7.7625,0.01%
2012_4_18_,7.7596,7.7622,7.7594,7.7614,0.01%
2012_4_17_,7.7584,7.7636,7.7574,7.7603,0.02%
2012_4_16_,7.7588,7.76,7.7564,7.7584,-0.01%
2012_4_13_,7.7636,7.7637,7.7588,7.7592,-0.06%
2012_4_12_,7.7646,7.765,7.7634,7.7637,-0.01%
2012_4_11_,7.7648,7.7654,7.7638,7.7645,-0.01%
2012_4_10_,7.7656,7.7661,7.7643,7.7649,-0.01%
2012_4_9_,7.7654,7.7667,7.7652,7.7655,0.01%
2012_4_6_,7.7642,7.7664,7.7642,7.7647,0.01%
2012_4_5_,7.7649,7.7664,7.7638,7.7642,-0.01%
2012_4_4_,7.7653,7.7665,7.7647,7.765,-0.01%
2012_4_3_,7.7659,7.7664,7.7642,7.7654,-0.01%
2012_4_2_,7.7644,7.7663,7.764,7.766,0.00%
2012_3_30_,7.7644,7.7665,7.7629,7.766,0.02%
2012_3_29_,7.7645,7.7654,7.7634,7.7643,0.00%
2012_3_28_,7.7643,7.7655,7.7628,7.7645,0.00%
2012_3_27_,7.7686,7.7686,7.7627,7.7644,-0.06%
2012_3_26_,7.7669,7.7691,7.7667,7.7687,0.01%
2012_3_23_,7.7656,7.769,7.7648,7.7679,0.03%
2012_3_22_,7.7644,7.7664,7.7631,7.7657,0.02%
2012_3_21_,7.7637,7.765,7.7629,7.7645,0.01%
2012_3_20_,7.7627,7.765,7.7624,7.7638,0.01%
2012_3_19_,7.763,7.7635,7.7618,7.763,0.00%
2012_3_16_,7.7623,7.7639,7.7616,7.763,0.01%
2012_3_15_,7.7618,7.7634,7.7614,7.7626,0.01%
2012_3_14_,7.7602,7.7631,7.7592,7.7619,0.02%
2012_3_13_,7.7581,7.7619,7.7577,7.7601,0.02%
2012_3_12_,7.7577,7.7594,7.7576,7.7582,0.00%
2012_3_9_,7.7573,7.7593,7.7552,7.758,0.01%
2012_3_8_,7.7639,7.7646,7.755,7.7572,-0.09%
2012_3_7_,7.7627,7.7642,7.7625,7.7639,0.01%
2012_3_6_,7.7634,7.7641,7.7612,7.7629,-0.01%
2012_3_5_,7.7587,7.7637,7.7584,7.7634,0.06%
2012_3_2_,7.7554,7.7599,7.7553,7.7589,0.04%
2012_3_1_,7.7558,7.7562,7.7549,7.7555,0.00%
2012_2_29_,7.7548,7.7566,7.7546,7.7557,0.01%
2012_2_28_,7.7555,7.7558,7.7544,7.7549,-0.01%
2012_2_27_,7.7545,7.7563,7.7545,7.7554,0.01%
2012_2_24_,7.7556,7.7557,7.7539,7.7543,-0.02%
2012_2_23_,7.7552,7.7563,7.7547,7.7556,0.01%
2012_2_22_,7.7543,7.7561,7.7543,7.7551,0.01%
2012_2_21_,7.7544,7.756,7.7537,7.7543,0.00%
2012_2_20_,7.7542,7.755,7.7534,7.7545,0.01%
2012_2_17_,7.754,7.755,7.7536,7.7541,0.00%
2012_2_16_,7.7539,7.7556,7.7535,7.7541,0.00%
2012_2_15_,7.7538,7.7544,7.7531,7.7538,0.00%
2012_2_14_,7.7547,7.7553,7.7529,7.7537,-0.01%
2012_2_13_,7.7559,7.7561,7.7536,7.7546,-0.01%
2012_2_10_,7.7556,7.7571,7.7546,7.7551,-0.01%
2012_2_9_,7.7539,7.7565,7.7539,7.7556,0.02%
2012_2_8_,7.7542,7.7548,7.7532,7.7539,0.00%
2012_2_7_,7.7541,7.7553,7.7531,7.7541,0.00%
2012_2_6_,7.755,7.756,7.7534,7.7542,0.00%
2012_2_3_,7.7554,7.7568,7.7537,7.754,-0.02%
2012_2_2_,7.7549,7.7564,7.7543,7.7553,0.01%
2012_2_1_,7.7554,7.7571,7.7542,7.7549,-0.01%
2012_1_31_,7.7566,7.7577,7.7544,7.7553,-0.02%
2012_1_30_,7.7552,7.7584,7.7552,7.7565,0.02%
2012_1_27_,7.7581,7.7592,7.7542,7.7546,-0.05%
2012_1_26_,7.7602,7.7606,7.7562,7.7581,-0.03%
2012_1_25_,7.7608,7.7633,7.7592,7.7603,-0.01%
2012_1_24_,7.7608,7.7618,7.7599,7.7608,0.00%
2012_1_23_,7.7611,7.7622,7.7598,7.7607,-0.01%
2012_1_20_,7.7609,7.7632,7.7599,7.7613,0.01%
2012_1_19_,7.7612,7.7644,7.7593,7.7609,0.00%
2012_1_18_,7.7648,7.7652,7.7606,7.7612,-0.05%
2012_1_17_,7.7682,7.7683,7.7634,7.7648,-0.04%
2012_1_16_,7.7672,7.7694,7.7672,7.7682,0.03%
2012_1_13_,7.7679,7.769,7.7654,7.7656,-0.03%
2012_1_12_,7.7676,7.769,7.7662,7.7679,0.00%
2012_1_11_,7.7668,7.7687,7.7659,7.7676,0.01%
2012_1_10_,7.7653,7.7688,7.7652,7.7668,0.02%
2012_1_9_,7.7657,7.7668,7.7638,7.7653,0.01%
2012_1_6_,7.7656,7.7668,7.7637,7.7645,-0.01%
2012_1_5_,7.7682,7.7684,7.7641,7.7656,-0.03%
2012_1_4_,7.7673,7.7698,7.7671,7.7682,0.01%
2012_1_3_,7.7674,7.7706,7.7667,7.7673,0.00%
2012_1_2_,7.7665,7.7678,7.7665,7.7674,0.00%
2011_12_30_,7.7728,7.7728,7.7659,7.7676,-0.07%
2011_12_29_,7.7754,7.777,7.7715,7.7728,-0.03%
2011_12_28_,7.7783,7.7791,7.7726,7.7754,-0.04%
2011_12_27_,7.7771,7.78,7.7756,7.7783,0.02%
2011_12_26_,7.7778,7.7788,7.7765,7.7771,-0.01%
2011_12_23_,7.7821,7.7826,7.7756,7.7778,-0.06%
2011_12_22_,7.7799,7.7829,7.7779,7.7821,0.03%
2011_12_21_,7.7825,7.7825,7.779,7.7799,-0.03%
2011_12_20_,7.7843,7.7846,7.7808,7.7825,-0.02%
2011_12_19_,7.7836,7.7859,7.7819,7.7843,-0.01%
2011_12_16_,7.7811,7.7864,7.7804,7.7852,0.05%
2011_12_15_,7.7838,7.7854,7.7805,7.7811,-0.03%
2011_12_14_,7.7798,7.785,7.7778,7.7838,0.05%
2011_12_13_,7.7824,7.7835,7.7771,7.7798,-0.03%
2011_12_12_,7.7817,7.7841,7.7797,7.7824,0.00%
2011_12_9_,7.7763,7.7828,7.7763,7.7827,0.08%
2011_12_8_,7.7734,7.7767,7.7723,7.7763,0.04%
2011_12_7_,7.773,7.7746,7.7712,7.7734,0.01%
2011_12_6_,7.7702,7.7755,7.7702,7.773,0.04%
2011_12_5_,7.7682,7.7717,7.7681,7.7702,0.02%
2011_12_2_,7.7706,7.7728,7.766,7.769,-0.02%
2011_12_1_,7.776,7.7768,7.7672,7.7706,-0.07%
2011_11_30_,7.79,7.7903,7.7656,7.776,-0.18%
2011_11_29_,7.7951,7.7954,7.7886,7.79,-0.07%
2011_11_28_,7.796,7.7961,7.7931,7.7951,-0.02%
2011_11_25_,7.7963,7.7973,7.7946,7.7964,0.00%
2011_11_24_,7.7941,7.7981,7.7932,7.7963,0.03%
2011_11_23_,7.7921,7.7957,7.7916,7.7941,0.03%
2011_11_22_,7.7893,7.7931,7.7888,7.7921,0.04%
2011_11_21_,7.7884,7.79,7.7881,7.7893,0.00%
2011_11_18_,7.7883,7.7894,7.7866,7.7892,0.01%
2011_11_17_,7.7838,7.7883,7.7838,7.7883,0.06%
2011_11_16_,7.7829,7.7863,7.7812,7.7838,0.01%
2011_11_15_,7.7824,7.784,7.7812,7.7829,0.01%
2011_11_14_,7.7805,7.7825,7.7779,7.7824,0.06%
2011_11_11_,7.7802,7.7834,7.7771,7.7777,-0.03%
2011_11_10_,7.7744,7.7836,7.7744,7.7802,0.07%
2011_11_9_,7.7688,7.7744,7.7679,7.7744,0.07%
2011_11_8_,7.7686,7.7713,7.7681,7.7688,0.00%
2011_11_7_,7.768,7.7721,7.7679,7.7686,0.01%
2011_11_4_,7.768,7.7694,7.766,7.7677,0.00%
2011_11_3_,7.7699,7.7716,7.7671,7.768,-0.02%
2011_11_2_,7.7726,7.7727,7.7687,7.7699,-0.03%
2011_11_1_,7.7676,7.773,7.7668,7.7726,0.06%
2011_10_31_,7.7656,7.7699,7.7637,7.7676,0.05%
2011_10_28_,7.7691,7.7717,7.7625,7.7634,-0.07%
2011_10_27_,7.773,7.7733,7.766,7.7691,-0.05%
2011_10_26_,7.7757,7.7759,7.7725,7.773,-0.03%
2011_10_25_,7.7778,7.7778,7.7734,7.7757,-0.03%
2011_10_24_,7.7808,7.7808,7.7766,7.7778,-0.05%
2011_10_21_,7.7794,7.7819,7.7781,7.7815,0.03%
2011_10_20_,7.777,7.7815,7.777,7.7794,0.03%
2011_10_19_,7.7767,7.7773,7.7752,7.777,0.00%
2011_10_18_,7.7773,7.7786,7.7736,7.7767,-0.01%
2011_10_17_,7.7778,7.7786,7.7747,7.7773,0.00%
2011_10_14_,7.7775,7.7793,7.7763,7.7775,0.00%
2011_10_13_,7.78,7.7805,7.776,7.7775,-0.03%
2011_10_12_,7.7806,7.7836,7.7784,7.78,-0.01%
2011_10_11_,7.7807,7.7824,7.7801,7.7806,0.00%
2011_10_10_,7.782,7.7833,7.7804,7.7807,-0.02%
2011_10_7_,7.7816,7.7848,7.7812,7.782,0.01%
2011_10_6_,7.784,7.7857,7.7812,7.7816,-0.03%
2011_10_5_,7.7853,7.7861,7.781,7.784,-0.02%
2011_10_4_,7.7878,7.7888,7.7836,7.7853,-0.03%
2011_10_3_,7.7881,7.7907,7.7861,7.7878,0.04%
2011_9_30_,7.7931,7.7952,7.7843,7.7846,-0.11%
2011_9_29_,7.7945,7.7965,7.79,7.7931,-0.02%
2011_9_28_,7.796,7.7977,7.7925,7.7945,-0.02%
2011_9_27_,7.7982,7.799,7.7916,7.796,-0.03%
2011_9_26_,7.8006,7.8016,7.7932,7.7982,-0.06%
2011_9_23_,7.8016,7.8048,7.7923,7.8029,0.02%
2011_9_22_,7.7929,7.8047,7.7924,7.8016,0.11%
2011_9_21_,7.7896,7.7942,7.7884,7.7929,0.04%
2011_9_20_,7.7961,7.7978,7.7889,7.7896,-0.08%
2011_9_19_,7.7929,7.7994,7.7929,7.7961,0.06%
2011_9_16_,7.7907,7.795,7.7867,7.7917,0.01%
2011_9_15_,7.7999,7.8003,7.7885,7.7907,-0.12%
2011_9_14_,7.8031,7.8077,7.7943,7.7999,-0.04%
2011_9_13_,7.8014,7.8051,7.7981,7.8031,0.02%
2011_9_12_,7.7963,7.8044,7.795,7.8014,0.07%
2011_9_9_,7.7947,7.7968,7.7908,7.7959,0.02%
2011_9_8_,7.7939,7.7964,7.792,7.7947,0.01%
2011_9_7_,7.7953,7.7962,7.793,7.7939,-0.02%
2011_9_6_,7.7912,7.7964,7.7912,7.7953,0.05%
2011_9_5_,7.7909,7.7928,7.7889,7.7912,0.04%
2011_9_2_,7.7846,7.7924,7.7843,7.788,0.04%
2011_9_1_,7.7881,7.7887,7.782,7.7846,-0.04%
2011_8_31_,7.7944,7.7975,7.785,7.7881,-0.08%
2011_8_30_,7.7935,7.7958,7.7928,7.7944,0.01%
2011_8_29_,7.7957,7.7965,7.7927,7.7935,-0.03%
2011_8_26_,7.7961,7.7984,7.7951,7.7959,0.00%
2011_8_25_,7.7956,7.7969,7.7946,7.7961,0.01%
2011_8_24_,7.7966,7.7972,7.7942,7.7956,-0.01%
2011_8_23_,7.7995,7.8005,7.7953,7.7966,-0.04%
2011_8_22_,7.798,7.8003,7.7977,7.7995,0.03%
2011_8_19_,7.7975,7.8024,7.7954,7.7968,-0.01%
2011_8_18_,7.7907,7.798,7.7904,7.7975,0.09%
2011_8_17_,7.7921,7.7934,7.789,7.7907,-0.02%
2011_8_16_,7.7898,7.7951,7.7896,7.7921,0.03%
2011_8_15_,7.7934,7.7957,7.789,7.7898,-0.04%
2011_8_12_,7.7946,7.7975,7.7927,7.7928,-0.02%
2011_8_11_,7.806,7.81,7.7914,7.7946,-0.15%
2011_8_10_,7.8062,7.8071,7.8022,7.806,0.00%
2011_8_9_,7.8088,7.8112,7.8046,7.8062,-0.03%
2011_8_8_,7.8056,7.8091,7.8038,7.8088,0.02%
2011_8_5_,7.8019,7.808,7.8013,7.8076,0.07%
2011_8_4_,7.7984,7.8019,7.7973,7.8019,0.04%
2011_8_3_,7.7956,7.8,7.7954,7.7984,0.04%
2011_8_2_,7.7912,7.7959,7.7912,7.7956,0.06%
2011_8_1_,7.7932,7.7934,7.7899,7.7912,-0.04%
2011_7_29_,7.7927,7.7957,7.7922,7.7941,0.02%
2011_7_28_,7.7923,7.7931,7.7917,7.7927,0.01%
2011_7_27_,7.7903,7.7923,7.7888,7.7923,0.03%
2011_7_26_,7.7919,7.7926,7.789,7.7903,-0.02%
2011_7_25_,7.7919,7.7928,7.7907,7.7919,0.01%
2011_7_22_,7.7911,7.7927,7.7901,7.7909,0.00%
2011_7_21_,7.7913,7.7945,7.7905,7.7911,0.00%
2011_7_20_,7.7946,7.7947,7.7908,7.7913,-0.04%
2011_7_19_,7.7961,7.7962,7.7934,7.7946,-0.02%
2011_7_18_,7.7938,7.797,7.7935,7.7961,0.02%
2011_7_15_,7.7902,7.7954,7.79,7.7943,0.05%
2011_7_14_,7.7884,7.7919,7.787,7.7902,0.02%
2011_7_13_,7.7944,7.7946,7.7882,7.7884,-0.08%
2011_7_12_,7.7885,7.7999,7.7882,7.7944,0.08%
2011_7_11_,7.7825,7.7911,7.7825,7.7885,0.08%
2011_7_8_,7.7829,7.7839,7.7811,7.7824,-0.01%
2011_7_7_,7.7829,7.7843,7.7817,7.7829,0.00%
2011_7_6_,7.7809,7.7846,7.7809,7.7829,0.03%
2011_7_5_,7.7791,7.7828,7.7791,7.7809,0.02%
2011_7_4_,7.7816,7.7821,7.7791,7.7791,-0.03%
2011_7_1_,7.7825,7.7842,7.7801,7.7816,-0.01%
2011_6_30_,7.7823,7.7835,7.7812,7.7825,0.00%
2011_6_29_,7.7855,7.7857,7.7815,7.7823,-0.04%
2011_6_28_,7.7877,7.7885,7.7844,7.7855,-0.03%
2011_6_27_,7.7895,7.7907,7.7867,7.7877,-0.02%
2011_6_24_,7.7898,7.7908,7.7876,7.7895,0.00%
2011_6_23_,7.788,7.7916,7.7879,7.7898,0.02%
2011_6_22_,7.7893,7.7905,7.7859,7.788,-0.02%
2011_6_21_,7.7919,7.7923,7.7881,7.7893,-0.03%
2011_6_20_,7.7937,7.796,7.7908,7.7919,0.01%
2011_6_17_,7.803,7.8044,7.7899,7.7915,-0.15%
2011_6_16_,7.7903,7.8044,7.7898,7.803,0.16%
2011_6_15_,7.7837,7.7909,7.7837,7.7903,0.08%
2011_6_14_,7.7848,7.7851,7.7824,7.7837,-0.01%
2011_6_13_,7.7835,7.7862,7.7834,7.7848,0.01%
2011_6_10_,7.7828,7.785,7.7817,7.7843,0.02%
2011_6_9_,7.7824,7.7843,7.7793,7.7828,0.01%
2011_6_8_,7.7796,7.7826,7.7791,7.7824,0.04%
2011_6_7_,7.7787,7.7805,7.7782,7.7796,0.01%
2011_6_6_,7.7778,7.7805,7.7773,7.7787,0.01%
2011_6_3_,7.7773,7.779,7.7764,7.7776,0.00%
2011_6_2_,7.7794,7.7829,7.7755,7.7773,-0.03%
2011_6_1_,7.7774,7.78,7.7768,7.7794,0.03%
2011_5_31_,7.7796,7.7796,7.7766,7.7774,-0.03%
2011_5_30_,7.781,7.782,7.7782,7.7796,-0.01%
2011_5_27_,7.783,7.7847,7.7804,7.7806,-0.03%
2011_5_26_,7.7829,7.7865,7.7822,7.783,0.00%
2011_5_25_,7.7762,7.785,7.7761,7.7829,0.09%
2011_5_24_,7.7775,7.7779,7.7754,7.7762,-0.02%
2011_5_23_,7.7742,7.779,7.7741,7.7775,0.04%
2011_5_20_,7.7733,7.7749,7.7725,7.7744,0.01%
2011_5_19_,7.7746,7.7748,7.7717,7.7733,-0.02%
2011_5_18_,7.7751,7.7756,7.774,7.7746,-0.01%
2011_5_17_,7.7768,7.7779,7.7736,7.7751,-0.02%
2011_5_16_,7.7728,7.7781,7.7726,7.7768,0.05%
2011_5_13_,7.7724,7.7735,7.7702,7.7729,0.01%
2011_5_12_,7.7722,7.7743,7.7718,7.7724,0.00%
2011_5_11_,7.772,7.7723,7.7702,7.7722,0.00%
2011_5_10_,7.7728,7.7735,7.771,7.772,-0.01%
2011_5_9_,7.7714,7.7737,7.7703,7.7728,0.02%
2011_5_6_,7.7734,7.7736,7.7696,7.7714,-0.03%
2011_5_5_,7.7709,7.7734,7.7707,7.7734,0.03%
2011_5_4_,7.7674,7.771,7.7674,7.7709,0.05%
2011_5_3_,7.7674,7.769,7.7649,7.7674,0.00%
2011_5_2_,7.7672,7.7689,7.7632,7.7674,0.01%
2011_4_29_,7.7704,7.7735,7.7653,7.7663,-0.05%
2011_4_28_,7.77,7.7738,7.7673,7.7704,0.01%
2011_4_27_,7.7714,7.7732,7.769,7.77,-0.02%
2011_4_26_,7.7717,7.7747,7.7702,7.7714,0.00%
2011_4_25_,7.7707,7.773,7.7698,7.7717,0.01%
2011_4_22_,7.7675,7.7726,7.7672,7.7706,0.04%
2011_4_21_,7.7716,7.7724,7.7665,7.7675,-0.05%
2011_4_20_,7.7767,7.7794,7.7695,7.7716,-0.07%
2011_4_19_,7.7783,7.7815,7.7763,7.7767,-0.02%
2011_4_18_,7.7752,7.7797,7.7747,7.7783,0.04%
2011_4_15_,7.7752,7.776,7.7732,7.7754,0.00%
2011_4_14_,7.7767,7.7773,7.7736,7.7752,-0.02%
2011_4_13_,7.7743,7.7771,7.7742,7.7767,0.03%
2011_4_12_,7.7698,7.7744,7.7698,7.7743,0.06%
2011_4_11_,7.7685,7.771,7.7674,7.7698,-0.02%