Date,Open,High,Low,Close,Volume,Change
2016_4_8_,37.53,39.84,37.53,39.64,-,6.39%
2016_4_7_,37.76,38.3,36.69,37.26,-,-1.30%
2016_4_6_,36.52,37.9,36.43,37.75,751.05K,5.18%
2016_4_5_,35.5,36.58,35.24,35.89,485.54K,0.53%
2016_4_4_,36.61,37.21,35.46,35.7,549.48K,-2.96%
2016_4_1_,38.14,38.56,36.63,36.79,547.19K,-4.04%
2016_3_31_,38.3,39.04,37.57,38.34,532.15K,0.05%
2016_3_30_,38.52,39.85,38.14,38.32,542.47K,0.10%
2016_3_29_,39.32,39.48,37.91,38.28,488.03K,-2.82%
2016_3_28_,39.55,40.14,38.86,39.39,299.78K,-0.18%
2016_3_24_,39.73,39.77,38.33,39.46,495.17K,-0.83%
2016_3_23_,41.19,41.34,39.67,39.79,492.00K,-4.00%
2016_3_22_,41.59,41.9,40.77,41.45,463.69K,3.86%
2016_3_21_,39.06,40.3,38.61,39.91,31.92K,1.19%
2016_3_18_,40.25,41.2,39.15,39.44,130.15K,-1.89%
2016_3_17_,38.59,40.36,38.47,40.2,298.01K,4.52%
2016_3_16_,36.74,38.63,36.61,38.46,494.17K,5.83%
2016_3_15_,37.37,37.4,35.96,36.34,446.10K,-2.26%
2016_3_14_,38.17,38.77,36.68,37.18,489.94K,-3.43%
2016_3_11_,37.99,39.02,37.92,38.5,564.79K,1.74%
2016_3_10_,38.17,38.48,37.21,37.84,701.44K,-1.18%
2016_3_9_,36.36,38.51,36.24,38.29,740.63K,4.90%
2016_3_8_,37.94,38.39,36.12,36.5,706.93K,-3.69%
2016_3_7_,36.2,38.11,36.09,37.9,709.87K,5.51%
2016_3_4_,34.66,36.34,34.4,35.92,578.29K,3.91%
2016_3_3_,34.73,35.32,34.19,34.57,512.96K,-0.26%
2016_3_2_,33.89,35.17,33.55,34.66,597.83K,0.76%
2016_3_1_,33.9,34.76,33.37,34.4,566.23K,1.93%
2016_2_29_,32.72,33.98,32.32,33.75,512.47K,2.96%
2016_2_26_,33.04,34.69,32.64,32.78,646.29K,-0.88%
2016_2_25_,32.19,33.49,31.07,33.07,611.87K,2.86%
2016_2_24_,31.28,32.4,30.56,32.15,652.25K,0.88%
2016_2_23_,33.34,33.53,31.22,31.87,539.38K,1.24%
2016_2_22_,29.72,32.05,29.48,31.48,26.32K,6.21%
2016_2_19_,30.6,30.73,29.05,29.64,103.20K,-3.67%
2016_2_18_,31.35,31.98,30.27,30.77,225.50K,0.36%
2016_2_17_,29.14,31.49,28.73,30.66,578.64K,5.58%
2016_2_16_,29.08,31.53,28.7,29.04,651.96K,-5.11%
2016_2_15_,29.08,30.69,28.97,30.6,-,5.26%
2016_2_14_,29.06,29.18,28.97,29.08,-,-1.24%
2016_2_12_,27.3,29.66,26.95,29.44,675.16K,12.32%
2016_2_11_,27.34,27.48,26.05,26.21,795.97K,-4.52%
2016_2_10_,28.36,29.22,27.24,27.45,781.28K,-1.75%
2016_2_9_,30.17,30.61,27.74,27.94,738.22K,-5.89%
2016_2_8_,30.97,31.38,29.57,29.69,603.65K,-3.88%
2016_2_5_,31.64,32.45,30.63,30.89,616.53K,-2.62%
2016_2_4_,32.71,33.6,31.53,31.72,696.72K,-1.73%
2016_2_3_,29.75,32.75,29.4,32.28,811.70K,8.03%
2016_2_2_,31.37,31.53,29.57,29.88,602.56K,-5.50%
2016_2_1_,33.83,34.18,31.29,31.62,595.61K,-5.95%
2016_1_29_,33.7,34.4,32.65,33.62,618.11K,1.20%
2016_1_28_,32.19,34.82,31.74,33.22,833.38K,2.85%
2016_1_27_,30.55,32.84,30.14,32.3,738.55K,2.70%
2016_1_26_,29.81,32.41,29.25,31.45,642.43K,3.66%
2016_1_25_,32.05,32.74,29.68,30.34,606.89K,-5.75%
2016_1_22_,29.84,32.35,29.53,32.19,636.57K,9.01%
2016_1_21_,28.35,30.25,27.87,29.53,694.04K,11.22%
2016_1_20_,28.33,28.58,26.19,26.55,32.11K,-6.71%
2016_1_19_,29.2,30.21,28.21,28.46,188.03K,-5.21%
2016_1_18_,29.76,30.88,29.67,30.02,-,0.94%
2016_1_17_,30.68,30.68,29.36,29.75,-,1.10%
2016_1_15_,31.18,31.18,29.13,29.42,329.09K,-5.71%
2016_1_14_,30.6,31.77,30.28,31.2,537.91K,2.36%
2016_1_13_,30.54,31.71,30.1,30.48,637.90K,0.13%
2016_1_12_,31.11,32.21,29.93,30.44,627.22K,-3.09%
2016_1_11_,32.94,33.2,30.88,31.41,648.64K,-5.28%
2016_1_8_,33.3,34.34,32.64,33.16,596.50K,-0.33%
2016_1_7_,34.09,34.26,32.1,33.27,617.41K,-2.06%
2016_1_6_,36.18,36.39,33.77,33.97,563.81K,-5.56%
2016_1_5_,36.9,37.1,35.74,35.97,410.13K,-2.15%
2016_1_4_,37.6,38.39,36.33,36.76,431.99K,-0.76%
2015_12_31_,36.81,37.79,36.22,37.04,283.62K,1.20%
2015_12_30_,37.36,37.4,36.4,36.6,267.91K,-3.35%
2015_12_29_,36.7,37.94,36.66,37.87,241.95K,2.88%
2015_12_28_,38,38.09,36.6,36.81,220.64K,-3.39%
2015_12_24_,37.86,38.28,37.38,38.1,205.87K,1.60%
2015_12_23_,36.47,37.95,36.28,37.5,374.66K,3.76%
2015_12_22_,35.8,36.54,35.66,36.14,302.26K,4.03%
2015_12_21_,34.58,34.86,33.98,34.74,27.29K,0.03%
2015_12_18_,34.87,35.57,34.29,34.73,116.04K,-0.63%
2015_12_17_,35.8,35.84,34.63,34.95,196.23K,-1.60%
2015_12_16_,36.79,37.35,35.29,35.52,402.97K,-4.90%
2015_12_15_,36.32,37.88,36.03,37.35,474.16K,2.86%
2015_12_14_,35.4,36.7,34.53,36.31,550.48K,1.94%
2015_12_11_,36.63,36.84,35.16,35.62,505.41K,-3.10%
2015_12_10_,37.27,37.54,36.38,36.76,513.94K,-1.08%
2015_12_9_,37.86,38.99,36.87,37.16,646.17K,-0.93%
2015_12_8_,37.68,38.58,36.64,37.51,767.18K,-0.37%
2015_12_7_,40.1,40.15,37.5,37.65,635.41K,-5.80%
2015_12_4_,41.31,42,39.6,39.97,510.76K,-2.70%
2015_12_3_,40.15,41.78,40.07,41.08,496.88K,2.85%
2015_12_2_,41.69,41.97,39.84,39.94,545.29K,-4.56%
2015_12_1_,41.73,42.23,41.17,41.85,415.54K,0.48%
2015_11_30_,41.77,42.61,41.5,41.65,369.51K,-0.14%
2015_11_27_,43.25,43.3,41.67,41.71,316.48K,-2.07%
2015_11_26_,43.08,43.29,42.3,42.59,-,-1.05%
2015_11_25_,42.69,43.25,41.72,43.04,383.16K,0.40%
2015_11_24_,42.04,43.46,41.86,42.87,430.30K,2.68%
2015_11_23_,41.49,42.75,40.41,41.75,516.19K,3.37%
2015_11_20_,40.54,40.99,38.99,40.39,33.71K,-0.37%
2015_11_19_,40.72,41.05,39.89,40.54,131.36K,-0.52%
2015_11_18_,41.11,41.55,39.91,40.75,251.52K,0.20%
2015_11_17_,41.96,42.03,40.58,40.67,363.71K,-2.56%
2015_11_16_,40.92,42.25,40.06,41.74,535.18K,2.45%
2015_11_13_,41.61,42.21,40.22,40.74,480.89K,-2.42%
2015_11_12_,43.05,43.33,41.54,41.75,545.35K,-2.75%
2015_11_11_,43.63,44.11,42.62,42.93,502.37K,-2.90%
2015_11_10_,44.1,44.76,43.57,44.21,445.97K,0.78%
2015_11_9_,44.52,45.12,43.64,43.87,487.99K,-0.95%
2015_11_6_,45.41,45.64,44.11,44.29,448.13K,-2.01%
2015_11_5_,46.57,46.65,45.12,45.2,437.65K,-2.42%
2015_11_4_,47.74,48.28,46.17,46.32,459.31K,-3.30%
2015_11_3_,46.11,48.36,45.96,47.9,434.57K,3.81%
2015_11_2_,46.43,46.73,45.56,46.14,305.52K,-0.97%
2015_10_30_,45.74,47.03,45.48,46.59,363.31K,1.15%
2015_10_29_,46.06,46.79,45.16,46.06,436.51K,0.26%
2015_10_28_,43.44,46.22,43.06,45.94,521.52K,6.34%
2015_10_27_,43.78,43.91,42.58,43.2,370.83K,-1.77%
2015_10_26_,44.74,44.94,43.64,43.98,302.08K,-1.39%
2015_10_23_,45.44,45.75,44.2,44.6,406.58K,-1.72%
2015_10_22_,45.27,46.1,44.9,45.38,322.74K,0.40%
2015_10_21_,45.88,46.08,44.86,45.2,384.29K,-0.77%
2015_10_20_,46.25,46.52,45.23,45.55,38.95K,-0.74%
2015_10_19_,47.27,47.49,45.85,45.89,125.84K,-2.90%
2015_10_16_,46.87,47.5,46.16,47.26,198.13K,1.90%
2015_10_15_,46.28,47.02,45.23,46.38,370.94K,-0.56%
2015_10_14_,46.69,46.96,45.94,46.64,348.24K,-0.04%
2015_10_13_,47.46,48.43,46.44,46.66,465.39K,-0.93%
2015_10_12_,49.51,50.13,47.04,47.1,408.66K,-5.10%
2015_10_9_,49.69,50.92,49.17,49.63,508.68K,0.40%
2015_10_8_,48.11,50.07,47.76,49.43,509.76K,3.39%
2015_10_7_,49,49.71,47.7,47.81,547.49K,-1.48%
2015_10_6_,46.2,49.08,45.73,48.53,453.10K,4.91%
2015_10_5_,45.65,46.94,45.21,46.26,323.06K,1.58%
2015_10_2_,45.07,45.81,43.97,45.54,420.74K,1.79%
2015_10_1_,45.38,47.1,44.63,44.74,478.98K,-0.78%
2015_9_30_,44.92,45.85,44.68,45.09,355.85K,-0.31%
2015_9_29_,44.5,45.7,44.3,45.23,265.18K,1.80%
2015_9_28_,45.38,45.5,44.3,44.43,273.91K,-2.78%
2015_9_25_,45.05,46.38,44.86,45.7,338.62K,1.76%
2015_9_24_,44.62,45.18,43.71,44.91,371.98K,0.97%
2015_9_23_,46.54,47.15,44.41,44.48,411.96K,-2.95%
2015_9_22_,46.45,46.48,45.14,45.83,29.99K,-1.82%
2015_9_21_,44.97,46.74,44.69,46.68,104.53K,4.48%
2015_9_18_,46.89,47.03,44.24,44.68,211.30K,-4.73%
2015_9_17_,47.13,47.71,46.33,46.9,366.39K,-0.53%
2015_9_16_,45.16,47.35,44.82,47.15,421.98K,5.74%
2015_9_15_,44.11,45.25,43.92,44.59,335.95K,1.34%
2015_9_14_,44.78,44.97,43.59,44,326.27K,-1.41%
2015_9_11_,45.71,45.88,44.16,44.63,395.84K,-2.81%
2015_9_10_,44.16,46.04,43.36,45.92,498.99K,4.01%
2015_9_9_,45.79,46.26,44.05,44.15,422.74K,-3.90%
2015_9_8_,45.82,46.41,44.14,45.94,508.82K,2.77%
2015_9_7_,45.72,45.92,44.15,44.7,-,-2.23%
2015_9_6_,45.72,45.87,45.61,45.72,-,-0.72%
2015_9_4_,46.68,47.23,45.61,46.05,385.63K,-1.50%
2015_9_3_,46.11,48.42,45.65,46.75,539.45K,1.08%
2015_9_2_,44.26,46.77,43.21,46.25,689.30K,1.85%
2015_9_1_,48.1,48.87,44.15,45.41,713.42K,-7.70%
2015_8_31_,45,49.33,43.6,49.2,757.50K,8.80%
2015_8_28_,42.68,45.9,41.78,45.22,666.33K,6.25%
2015_8_27_,38.96,42.86,38.95,42.56,533.68K,10.26%
2015_8_26_,39.69,39.86,38.52,38.6,368.72K,-1.81%
2015_8_25_,38.18,39.89,38.16,39.31,375.65K,2.80%
2015_8_24_,40.3,40.47,37.75,38.24,468.37K,-5.46%
2015_8_21_,41.03,41.4,39.86,40.45,377.18K,-1.68%
2015_8_20_,40.58,41.48,40.21,41.14,24.78K,0.83%
2015_8_19_,42.41,42.68,40.4,40.8,107.58K,-4.27%
2015_8_18_,41.88,42.9,41.43,42.62,200.19K,1.79%
2015_8_17_,42.18,42.69,41.64,41.87,314.28K,-1.48%
2015_8_14_,42.23,42.96,41.35,42.5,317.21K,0.64%
2015_8_13_,43.34,43.72,41.91,42.23,420.15K,-2.47%
2015_8_12_,43.27,43.87,42.8,43.3,492.27K,0.51%
2015_8_11_,44.81,45.34,42.69,43.08,538.01K,-4.18%
2015_8_10_,43.58,45.01,43.35,44.96,491.43K,2.48%
2015_8_7_,44.82,45.16,43.7,43.87,400.07K,-1.77%
2015_8_6_,45.16,45.27,44.2,44.66,360.98K,-1.09%
2015_8_5_,45.96,46.7,44.83,45.15,367.33K,-1.29%
2015_8_4_,45.35,46.23,45.29,45.74,285.79K,1.26%
2015_8_3_,46.86,46.94,45.08,45.17,371.09K,-4.14%
2015_7_31_,48.47,48.62,46.7,47.12,334.47K,-2.89%
2015_7_30_,48.83,49.36,48.34,48.52,247.66K,-0.55%
2015_7_29_,47.81,49.52,47.39,48.79,366.89K,1.69%
2015_7_28_,47.02,48.44,46.68,47.98,338.11K,1.24%
2015_7_27_,48,48.2,46.91,47.39,273.61K,-1.56%
2015_7_24_,48.79,49.03,47.72,48.14,278.23K,-0.64%
2015_7_23_,49.23,49.63,48.21,48.45,316.06K,-1.50%
2015_7_22_,50.71,50.71,49.04,49.19,347.99K,-2.32%
2015_7_21_,49.95,51.02,49.77,50.36,23.13K,0.42%
2015_7_20_,50.76,51.26,49.85,50.15,102.60K,-1.45%
2015_7_17_,50.91,51.23,50.14,50.89,203.49K,-0.04%
2015_7_16_,51.62,52.17,50.84,50.91,319.17K,-0.97%
2015_7_15_,53.4,53.5,51.21,51.41,334.56K,-3.07%
2015_7_14_,52,53.43,50.88,53.04,422.76K,1.61%
2015_7_13_,52.15,53.17,51.26,52.2,359.48K,-1.02%
2015_7_10_,52.48,53.89,51.96,52.74,349.08K,-0.08%
2015_7_9_,51.83,53.54,51.48,52.78,382.33K,2.19%
2015_7_8_,52.91,52.96,50.91,51.65,434.75K,-1.30%
2015_7_7_,52.75,53.43,50.58,52.33,527.27K,-0.38%
2015_7_6_,56.42,56.79,52.41,52.53,540.61K,-5.39%
2015_7_3_,56.6,56.78,55.42,55.52,-,-2.48%
2015_7_2_,56.87,57.95,56.5,56.93,297.05K,-0.05%
2015_7_1_,58.98,58.98,56.68,56.96,373.41K,-4.22%
2015_6_30_,58.27,59.69,57.94,59.47,282.48K,1.95%
2015_6_29_,58.84,59.27,58.04,58.33,286.04K,-2.18%
2015_6_26_,59.66,59.96,58.76,59.63,231.96K,-0.12%
2015_6_25_,60.22,60.46,59.43,59.7,222.34K,-0.95%
2015_6_24_,61.14,61.57,59.8,60.27,312.99K,-1.21%
2015_6_23_,60.21,61.49,59.55,61.01,336.22K,2.23%
2015_6_22_,59.44,60.3,58.93,59.68,26.74K,0.12%
2015_6_19_,60.5,60.56,58.88,59.61,116.66K,-1.39%
2015_6_18_,59.78,60.89,59.25,60.45,181.88K,0.88%
2015_6_17_,60.03,61.38,58.85,59.92,396.16K,-0.08%
2015_6_16_,59.6,60.37,59.42,59.97,233.94K,0.76%
2015_6_15_,59.9,59.98,58.73,59.52,275.19K,-0.73%
2015_6_12_,60.55,60.63,59.73,59.96,246.90K,-1.33%
2015_6_11_,61.14,61.53,60.21,60.77,352.42K,-1.07%
2015_6_10_,60.58,61.82,60.45,61.43,459.77K,2.14%
2015_6_9_,58.31,60.68,58.23,60.14,405.49K,3.44%
2015_6_8_,58.96,59.13,57.86,58.14,339.85K,-1.67%
2015_6_5_,57.99,59.23,56.83,59.13,461.02K,1.95%
2015_6_4_,59.57,59.94,57.83,58,363.35K,-2.75%
2015_6_3_,61.02,61.43,59.34,59.64,371.30K,-2.64%
2015_6_2_,60.18,61.58,60.09,61.26,344.51K,1.76%
2015_6_1_,60.29,60.64,59.33,60.2,292.19K,-0.17%
2015_5_29_,57.97,60.7,57.72,60.3,452.22K,4.54%
2015_5_28_,57.63,58.07,56.51,57.68,340.68K,0.30%
2015_5_27_,58.32,58.95,57.36,57.51,314.92K,-0.90%
2015_5_26_,60.05,60.25,57.71,58.03,330.13K,-3.03%
2015_5_25_,59.93,60.24,59.11,59.85,-,-0.12%
2015_5_24_,60.01,60.01,59.78,59.92,-,0.33%
2015_5_22_,60.66,60.8,59.35,59.72,230.31K,-1.65%
2015_5_21_,58.81,60.94,58.69,60.72,329.77K,2.95%
2015_5_20_,58.32,59.04,58.1,58.98,287.13K,3.00%
2015_5_19_,59.54,59.63,57.09,57.26,30.30K,-3.65%
2015_5_18_,59.85,60.88,59.06,59.43,144.39K,-0.44%
2015_5_15_,59.67,59.97,58.42,59.69,222.09K,-0.32%
2015_5_14_,60.1,60.84,59.36,59.88,361.43K,-1.02%
2015_5_13_,61.23,61.85,60.02,60.5,426.84K,-0.41%
2015_5_12_,59.27,61.36,59.12,60.75,397.35K,2.53%
2015_5_11_,59.43,59.85,58.75,59.25,332.69K,-0.24%
2015_5_8_,59.02,59.9,58.14,59.39,434.58K,0.76%
2015_5_7_,60.69,61.31,58.49,58.94,437.02K,-3.27%
2015_5_6_,60.72,62.58,60.54,60.93,423.58K,0.88%
2015_5_5_,58.95,61.1,58.63,60.4,389.74K,2.49%
2015_5_4_,59.3,59.73,58.45,58.93,215.05K,-0.37%
2015_5_1_,59.79,59.9,58.32,59.15,244.75K,-0.80%
2015_4_30_,58.55,59.85,58.38,59.63,340.32K,1.79%
2015_4_29_,56.93,59.33,56.54,58.58,411.10K,2.66%
2015_4_28_,56.65,57.83,56.07,57.06,281.86K,0.12%
2015_4_27_,57.3,57.89,56.52,56.99,250.56K,-0.28%
2015_4_24_,57.53,57.95,56.5,57.15,328.32K,-1.02%
2015_4_23_,56.28,58.41,55.76,57.74,415.57K,2.81%
2015_4_22_,56.34,57.19,55.73,56.16,329.63K,1.63%
2015_4_21_,56.41,56.91,55.01,55.26,29.60K,-1.99%
2015_4_20_,56.16,57.17,54.85,56.38,112.38K,1.15%
2015_4_17_,56.56,56.88,55.31,55.74,230.62K,-1.71%
2015_4_16_,55.92,57.42,55.07,56.71,413.13K,0.57%
2015_4_15_,53.55,56.69,53.39,56.39,508.90K,5.82%
2015_4_14_,52.05,53.79,51.83,53.29,431.03K,2.66%
2015_4_13_,51.81,53.1,51.47,51.91,375.53K,0.52%
2015_4_10_,50.73,51.93,50.08,51.64,395.14K,1.67%
2015_4_9_,51,52.07,50.51,50.79,449.53K,0.73%
2015_4_8_,53.18,53.23,50.37,50.42,552.63K,-6.60%
2015_4_7_,51.95,54.13,51.17,53.98,548.87K,3.53%
2015_4_6_,49.47,52.24,49.47,52.14,325.28K,6.11%
2015_4_3_,49.14,49.14,49.14,49.14,-,0.00%
2015_4_2_,49.59,50.27,48.11,49.14,453.39K,-1.90%
2015_4_1_,47.55,50.45,47.05,50.09,451.10K,5.23%
2015_3_31_,48.73,48.73,47.28,47.6,365.75K,-2.22%
2015_3_30_,48.57,49.16,47.61,48.68,355.87K,-0.39%
2015_3_27_,51.01,51.38,48.21,48.87,384.09K,-4.98%
2015_3_26_,49.02,52.48,48.73,51.43,515.28K,4.51%
2015_3_25_,47.72,49.46,47,49.21,398.80K,3.58%
2015_3_24_,47.46,48.56,46.67,47.51,309.55K,0.13%
2015_3_23_,46.41,47.61,45.33,47.45,292.42K,3.78%
2015_3_20_,43.99,46.53,43.31,45.72,22.46K,4.00%
2015_3_19_,44.6,44.71,42.75,43.96,106.91K,-1.57%
2015_3_18_,42.51,45.34,42.03,44.66,220.64K,2.76%
2015_3_17_,43.84,44.2,42.41,43.46,346.31K,-0.96%
2015_3_16_,44.81,45,42.85,43.88,367.60K,-2.14%
2015_3_13_,46.93,47.28,44.75,44.84,395.72K,-4.70%
2015_3_12_,48.44,48.76,46.86,47.05,358.38K,-2.33%
2015_3_11_,48.77,49.05,47.33,48.17,404.59K,-0.25%
2015_3_10_,50.08,50.36,48.2,48.29,395.76K,-3.42%
2015_3_9_,49.6,50.79,49.25,50,409.88K,0.79%
2015_3_6_,50.89,51.22,48.88,49.61,406.84K,-2.27%
2015_3_5_,51.62,52.4,50.61,50.76,370.95K,-1.49%
2015_3_4_,50.61,51.99,49.6,51.53,463.99K,2.00%
2015_3_3_,49.8,50.83,49.45,50.52,370.60K,1.88%
2015_3_2_,49.45,51.04,48.71,49.59,427.18K,-0.34%
2015_2_27_,48.97,49.94,48.46,49.76,399.49K,3.30%
2015_2_26_,51,51.22,47.8,48.17,459.58K,-5.53%
2015_2_25_,49.16,51.28,48.43,50.99,429.52K,3.47%
2015_2_24_,49.42,50.33,48.68,49.28,293.10K,-0.34%
2015_2_23_,50.75,50.99,48.67,49.45,475.38K,-1.77%
2015_2_20_,51.24,51.85,49.91,50.34,30.66K,-1.60%
2015_2_19_,50.55,52.14,49.15,51.16,125.21K,-1.88%
2015_2_18_,53.24,53.41,50.32,52.14,257.48K,-2.60%
2015_2_17_,52.75,54.15,50.81,53.53,518.80K,-0.15%
2015_2_16_,54.04,54.08,52.92,53.61,-,-0.82%
2015_2_15_,53.75,54.42,53.71,54.06,-,2.42%
2015_2_13_,51.35,53.43,51.03,52.78,437.07K,3.07%
2015_2_12_,49.42,51.6,49.14,51.21,563.66K,4.85%
2015_2_11_,50.98,51.14,48.05,48.84,519.27K,-2.36%
2015_2_10_,52.43,52.65,49.86,50.02,501.70K,-5.37%
2015_2_9_,52.01,53.99,51.65,52.86,536.36K,2.26%
2015_2_6_,50.86,53.16,50.72,51.69,584.98K,2.40%
2015_2_5_,48.67,52.1,47.36,50.48,596.85K,4.19%
2015_2_4_,51.67,52.56,47.95,48.45,577.52K,-8.67%
2015_2_3_,49.79,54.24,49.69,53.05,644.92K,7.02%
2015_2_2_,47.59,50.56,46.67,49.57,511.41K,2.76%
2015_1_30_,44.63,48.35,44.31,48.24,454.14K,8.33%
2015_1_29_,44.43,44.96,43.58,44.53,300.73K,0.18%
2015_1_28_,45.83,45.83,44.08,44.45,365.44K,-3.85%
2015_1_27_,45.13,46.55,44.81,46.23,313.14K,2.39%
2015_1_26_,45.2,46.41,44.35,45.15,310.64K,-0.97%
2015_1_23_,46.63,47.76,45.21,45.59,374.29K,-1.55%
2015_1_22_,47.35,49.09,45.87,46.31,426.83K,-3.08%
2015_1_21_,46.69,48.2,46.55,47.78,340.25K,3.00%
2015_1_20_,48.69,48.77,45.89,46.39,49.74K,-2.91%
2015_1_19_,48.84,49.19,47.64,47.78,-,-2.18%
2015_1_18_,48.95,49.06,48.78,48.85,-,0.32%
2015_1_16_,46.35,48.87,45.95,48.69,175.63K,5.28%
2015_1_15_,48.6,51.27,46.07,46.25,478.34K,-4.60%
2015_1_14_,46.16,48.91,45.01,48.48,510.25K,5.64%
2015_1_13_,45.69,46.79,44.2,45.89,476.54K,-0.39%
2015_1_12_,48.19,48.19,45.62,46.07,394.95K,-4.74%
2015_1_9_,48.92,49.61,47.16,48.36,421.01K,-0.88%
2015_1_8_,48.78,49.65,47.73,48.79,362.08K,0.29%
2015_1_7_,48,49.31,46.83,48.65,460.08K,1.50%
2015_1_6_,50,50.37,47.55,47.93,451.64K,-4.22%
2015_1_5_,52.61,52.73,49.68,50.04,375.78K,-5.03%
2015_1_2_,53.76,55.11,52.03,52.69,268.71K,-3.44%
2015_1_1_,53.73,54.85,53.72,54.56,-,2.43%
2014_12_31_,53.87,54.02,52.44,53.27,233.52K,-1.57%
2014_12_30_,53.72,54.32,52.7,54.12,218.56K,0.95%
2014_12_29_,55.05,55.74,52.9,53.61,241.38K,-2.05%
2014_12_26_,55.86,56.59,54.51,54.73,127.20K,-2.13%
2014_12_25_,55.87,56.05,55.73,55.92,-,0.14%
2014_12_24_,56.8,57.15,55.07,55.84,174.97K,-2.24%
2014_12_23_,55.39,57.56,55.06,57.12,274.00K,3.37%
2014_12_22_,57.75,58.53,55.13,55.26,277.32K,-2.23%
2014_12_19_,55.5,56.91,54.2,56.52,26.47K,4.45%
2014_12_18_,55.83,58.73,54.05,54.11,106.32K,-4.18%
2014_12_17_,55.5,58.98,54.21,56.47,351.98K,0.97%
2014_12_16_,55.4,57.15,53.6,55.93,518.78K,0.04%
2014_12_15_,57.07,58.73,55.02,55.91,424.95K,-3.29%
2014_12_12_,59.17,59.57,57.34,57.81,414.22K,-3.57%
2014_12_11_,61.12,61.68,58.96,59.95,392.49K,-1.62%
2014_12_10_,63.33,63.43,60.43,60.94,456.17K,-4.51%
2014_12_9_,63.01,64.2,62.25,63.82,322.80K,1.22%
2014_12_8_,65.46,65.55,62.78,63.05,330.08K,-4.24%
2014_12_5_,66.8,66.89,65.17,65.84,276.53K,-1.45%
2014_12_4_,67.4,68.22,66.09,66.81,237.01K,-0.85%
2014_12_3_,67.6,68.23,66.8,67.38,293.48K,0.75%
2014_12_2_,69.24,69.32,66.67,66.88,360.30K,-3.07%
2014_12_1_,66,69.54,63.72,69,504.12K,4.31%
2014_11_28_,73.5,73.56,65.69,66.15,552.88K,-3.50%
2014_11_27_,73.54,73.55,67.77,68.55,-,-6.98%
2014_11_26_,73.87,74.48,73.3,73.69,258.38K,-0.54%
2014_11_25_,75.51,76.58,73.71,74.09,294.45K,-2.23%
2014_11_24_,76.62,77.02,75.45,75.78,194.75K,-0.95%
2014_11_21_,76.29,77.83,75.62,76.51,275.32K,1.23%
2014_11_20_,74.25,75.76,74.17,75.58,28.25K,1.34%
2014_11_19_,74.23,75.4,73.88,74.58,116.28K,-0.04%
2014_11_18_,75.49,76.44,74.12,74.61,186.21K,-1.36%
2014_11_17_,75.93,76.18,74.71,75.64,279.46K,-0.24%
2014_11_14_,74.36,76.3,73.25,75.82,355.25K,2.17%
2014_11_13_,76.95,77.16,74.07,74.21,447.01K,-3.85%
2014_11_12_,77.5,78.08,76.63,77.18,359.95K,-0.98%
2014_11_11_,77.18,78.04,76.42,77.94,314.31K,0.70%
2014_11_10_,78.5,79.85,77.13,77.4,319.49K,-1.59%
2014_11_7_,77.86,79.41,77.47,78.65,306.08K,0.95%
2014_11_6_,78.87,78.98,77.12,77.91,292.90K,-0.98%
2014_11_5_,77.36,79.35,76.46,78.68,447.69K,1.93%
2014_11_4_,78.22,78.41,75.84,77.19,432.76K,-2.02%
2014_11_3_,80.59,80.98,78.08,78.78,386.05K,-2.19%
2014_10_31_,81.04,81.27,79.55,80.54,294.18K,-0.71%
2014_10_30_,81.93,82.09,80.72,81.12,270.07K,-1.31%
2014_10_29_,81.55,82.88,81.44,82.2,283.76K,0.96%
2014_10_28_,80.64,81.66,80.36,81.42,226.07K,0.52%
2014_10_27_,81.27,81.29,79.44,81,285.33K,-0.01%
2014_10_24_,81.95,81.95,80.36,81.01,272.51K,-1.32%
2014_10_23_,80.42,82.37,80.05,82.09,354.84K,1.95%
2014_10_22_,82.55,83.15,80.22,80.52,352.22K,-2.77%
2014_10_21_,82.76,84.05,82.29,82.81,23.44K,0.12%
2014_10_20_,83.13,83.48,81.55,82.71,83.70K,-0.05%
2014_10_17_,83.18,84.45,82.44,82.75,174.14K,0.06%
2014_10_16_,81.06,84.83,79.78,82.7,424.52K,1.12%
2014_10_15_,82.32,82.45,80.01,81.78,487.72K,-0.07%
2014_10_14_,84.98,85.6,81.32,81.84,475.83K,-4.55%
2014_10_13_,85.2,85.87,84.07,85.74,292.35K,-0.09%
2014_10_10_,84.39,86.29,83.59,85.82,396.53K,0.06%
2014_10_9_,87.73,87.95,84.06,85.77,345.02K,-1.76%
2014_10_8_,88.43,88.63,86.83,87.31,373.75K,-1.73%
2014_10_7_,90.45,90.57,88.38,88.85,300.11K,-1.65%
2014_10_6_,89.77,90.74,88.76,90.34,276.61K,0.67%
2014_10_3_,91.38,91.79,89.36,89.74,342.80K,-1.40%
2014_10_2_,90.74,91.54,88.18,91.01,449.55K,0.31%
2014_10_1_,91.36,92.96,90.47,90.73,389.25K,-0.47%
2014_9_30_,94.34,94.9,90.86,91.16,429.25K,-3.61%
2014_9_29_,93.35,94.64,92.74,94.57,261.25K,1.10%
2014_9_26_,92.47,93.86,92.23,93.54,258.89K,1.09%
2014_9_25_,92.89,93.54,92.05,92.53,248.85K,-0.29%
2014_9_24_,91.72,93.29,91.12,92.8,282.63K,1.35%
2014_9_23_,90.7,92.09,90.58,91.56,247.77K,0.04%
2014_9_22_,92.22,92.64,91.2,91.52,23.94K,-0.96%
2014_9_19_,92.97,93.22,91.85,92.41,92.78K,-0.71%
2014_9_18_,93.97,94.82,92.85,93.07,170.77K,-1.43%
2014_9_17_,94.71,95.06,93.74,94.42,305.83K,-0.48%
2014_9_16_,92.81,95.19,92.46,94.88,294.72K,2.11%
2014_9_15_,92.13,93.03,90.63,92.92,260.51K,0.70%
2014_9_12_,93.05,93.67,91.96,92.27,297.77K,-0.60%
2014_9_11_,91.71,93.44,90.43,92.83,403.18K,1.27%
2014_9_10_,92.79,93.03,91.22,91.67,295.31K,-1.16%
2014_9_9_,93.11,93.94,92.52,92.75,275.88K,0.10%
2014_9_8_,93.49,93.62,91.8,92.66,277.99K,-0.68%
2014_9_5_,94.57,94.99,92.86,93.29,261.39K,-1.23%
2014_9_4_,95.07,95.39,94.16,94.45,254.14K,-1.14%
2014_9_3_,93.28,95.83,93.06,95.54,294.40K,2.86%
2014_9_2_,95.81,95.91,92.68,92.88,320.36K,-3.08%
2014_9_1_,95.76,95.9,95.51,95.83,-,-0.14%
2014_8_29_,94.56,96,94.48,95.96,234.97K,1.49%
2014_8_28_,93.75,94.71,93.45,94.55,262.29K,0.71%
2014_8_27_,93.88,94.24,93.36,93.88,174.91K,0.02%
2014_8_26_,93.36,94.35,93.35,93.86,176.28K,0.55%
2014_8_25_,93.34,93.95,93.05,93.35,137.42K,-0.32%
2014_8_22_,93.89,94.04,92.92,93.65,191.46K,-0.33%
2014_8_21_,93.49,94.45,92.5,93.96,226.34K,-2.20%
2014_8_20_,94.7,96.47,94.7,96.07,22.89K,1.68%
2014_8_19_,96.56,97.05,94.26,94.48,109.04K,-2.00%
2014_8_18_,97.1,97.16,95.81,96.41,157.54K,-0.97%
2014_8_15_,95.5,97.41,95.32,97.35,269.75K,1.85%
2014_8_14_,97.3,97.59,95.26,95.58,350.62K,-2.06%
2014_8_13_,97.2,97.78,96.75,97.59,253.70K,0.23%
2014_8_12_,97.84,97.94,96.81,97.37,242.59K,-0.72%
2014_8_11_,97.54,98.58,97.37,98.08,241.49K,0.44%
2014_8_8_,97.64,98.45,97.15,97.65,266.01K,0.32%
2014_8_7_,96.89,97.72,96.55,97.34,286.53K,0.43%
2014_8_6_,97.62,98.13,96.69,96.92,263.60K,-0.47%
2014_8_5_,98.41,98.67,97,97.38,242.24K,-0.93%
2014_8_4_,97.67,98.67,97.43,98.29,204.26K,0.42%
2014_8_1_,97.7,98.1,97.09,97.88,274.99K,-0.30%
2014_7_31_,99.47,99.85,97.6,98.17,335.79K,-2.09%
2014_7_30_,101.03,101.67,99.42,100.27,263.97K,-0.69%
2014_7_29_,101.6,101.83,100.37,100.97,258.06K,-0.69%
2014_7_28_,101.87,102.1,100.9,101.67,197.82K,-0.41%
2014_7_25_,102.04,102.53,101,102.09,284.92K,0.02%
2014_7_24_,103.2,103.31,101.88,102.07,194.40K,-1.02%
2014_7_23_,101.96,103.34,101.79,103.12,260.65K,-1.24%
2014_7_22_,104.58,105.25,103.89,104.42,43.19K,-0.16%
2014_7_21_,102.97,104.99,102.65,104.59,126.99K,1.42%
2014_7_18_,103.72,103.94,102.58,103.13,172.53K,-0.06%
2014_7_17_,101.49,103.9,101.27,103.19,342.87K,1.97%
2014_7_16_,100.21,101.6,100.07,101.2,240.20K,1.24%
2014_7_15_,100.93,101.06,99.01,99.96,331.20K,-0.94%
2014_7_14_,100.46,101.2,100.22,100.91,252.68K,0.08%
2014_7_11_,102.86,102.92,100.44,100.83,272.55K,-2.04%
2014_7_10_,101.95,103,101.55,102.93,238.08K,0.63%
2014_7_9_,103.45,103.6,101.85,102.29,250.99K,-1.07%
2014_7_8_,103.39,104.2,103.01,103.4,249.38K,-0.13%
2014_7_7_,104.06,104.09,103.19,103.53,189.25K,-0.22%
2014_7_4_,104.11,104.12,103.64,103.76,-,-0.29%
2014_7_3_,104.27,104.29,103.67,104.06,169.94K,-0.40%
2014_7_2_,105.21,105.53,104.1,104.48,240.07K,-0.82%
2014_7_1_,105.44,106.09,104.6,105.34,221.69K,-0.03%
2014_6_30_,105.69,105.76,104.66,105.37,215.33K,-0.35%
2014_6_27_,105.64,106.19,105.33,105.74,128.98K,-0.09%
2014_6_26_,106.71,106.81,105.03,105.84,195.72K,-0.62%
2014_6_25_,106.14,107.5,105.47,106.5,249.06K,0.44%
2014_6_24_,106.02,106.46,105.25,106.03,175.21K,-0.13%
2014_6_23_,107.42,107.45,105.91,106.17,175.47K,-1.02%
2014_6_20_,106.6,107.73,106.33,107.26,31.67K,0.78%
2014_6_19_,106.11,106.7,105.32,106.43,123.12K,0.43%
2014_6_18_,106.6,106.97,105.8,105.97,176.26K,-0.37%
2014_6_17_,106.59,107.18,106.01,106.36,252.97K,-0.51%
2014_6_16_,106.88,107.54,106.57,106.9,204.79K,-0.01%
2014_6_13_,106.84,107.68,106.37,106.91,255.39K,0.36%
2014_6_12_,104.47,106.95,104.35,106.53,321.50K,2.04%
2014_6_11_,104.3,104.81,104.17,104.4,187.73K,0.05%
2014_6_10_,104.46,105.06,103.98,104.35,255.60K,-0.06%
2014_6_9_,102.78,104.57,102.62,104.41,246.72K,1.70%
2014_6_6_,102.44,103.07,102.3,102.66,197.76K,0.18%
2014_6_5_,102.37,102.69,101.6,102.48,200.40K,-0.16%
2014_6_4_,102.79,103.69,102.34,102.64,208.54K,-0.02%
2014_6_3_,102.44,102.86,102.23,102.66,160.21K,0.19%
2014_6_2_,102.92,103.35,102.1,102.47,159.04K,-0.23%
2014_5_30_,103.51,103.56,102.4,102.71,169.73K,-0.84%
2014_5_29_,103.06,103.94,102.61,103.58,205.51K,0.84%
2014_5_28_,104.14,104.39,102.64,102.72,239.13K,-1.34%
2014_5_27_,104.34,104.5,103.57,104.11,174.39K,-0.16%
2014_5_26_,104.2,104.38,103.93,104.28,-,-0.07%
2014_5_23_,103.71,104.5,103.64,104.35,160.56K,0.59%
2014_5_22_,103.85,104.22,103.55,103.74,159.18K,-0.32%
2014_5_21_,102.96,104.29,102.78,104.07,272.13K,1.59%
2014_5_20_,102.6,102.86,102.1,102.44,48.32K,-0.17%
2014_5_19_,102.13,103.09,101.97,102.61,121.11K,0.58%
2014_5_16_,101.56,102.23,101.39,102.02,147.90K,0.51%
2014_5_15_,102.03,102.26,101.27,101.5,276.06K,-0.85%
2014_5_14_,101.91,102.65,101.83,102.37,234.48K,0.66%
2014_5_13_,100.63,102.05,100.36,101.7,253.59K,1.10%
2014_5_12_,100.12,100.93,99.93,100.59,211.65K,0.60%
2014_5_9_,100.27,101.18,99.71,99.99,271.34K,-0.27%
2014_5_8_,100.82,100.93,99.87,100.26,252.61K,-0.51%
2014_5_7_,99.83,100.99,99.78,100.77,291.27K,1.28%
2014_5_6_,99.38,100.42,99.32,99.5,251.21K,0.02%
2014_5_5_,99.96,100.44,98.91,99.48,190.00K,-0.28%
2014_5_2_,99.17,100.14,99.17,99.76,213.63K,0.34%
2014_5_1_,99.72,99.89,98.74,99.42,235.46K,-0.32%
2014_4_30_,100.76,100.76,99.35,99.74,282.98K,-1.52%
2014_4_29_,100.89,102.2,100.71,101.28,218.69K,0.44%
2014_4_28_,100.49,101.52,100.33,100.84,231.59K,0.24%
2014_4_25_,101.93,102.05,100.48,100.6,221.60K,-1.31%
2014_4_24_,101.54,102.35,101.4,101.94,202.28K,0.49%
2014_4_23_,101.86,102.08,101.2,101.44,250.65K,-0.68%
2014_4_22_,104.36,104.36,101.69,102.13,46.49K,-2.15%
2014_4_21_,104.54,104.77,103.85,104.37,115.10K,0.07%
2014_4_17_,103.84,104.78,103.54,104.3,191.34K,0.52%
2014_4_16_,103.76,104.99,103.12,103.76,279.39K,0.01%
2014_4_15_,103.6,104.05,102.91,103.75,215.85K,-0.29%
2014_4_14_,103.56,104.55,103.34,104.05,237.21K,0.30%
2014_4_11_,103.34,104.44,103.01,103.74,261.92K,0.33%
2014_4_10_,103.44,103.81,103.1,103.4,222.17K,-0.19%
2014_4_9_,102.35,103.77,102.03,103.6,324.66K,1.01%
2014_4_8_,100.69,102.71,100.68,102.56,299.55K,2.11%
2014_4_7_,100.91,101.32,99.92,100.44,254.88K,-0.69%
2014_4_4_,100.38,101.63,100.28,101.14,193.53K,0.85%
2014_4_3_,99.29,100.49,99.07,100.29,195.43K,0.67%
2014_4_2_,99.64,99.83,98.86,99.62,231.60K,-0.12%
2014_4_1_,101.53,101.57,99.28,99.74,237.56K,-1.81%
2014_3_31_,101.69,101.97,100.88,101.58,167.57K,-0.09%
2014_3_28_,101.34,102.24,101.18,101.67,166.33K,0.39%
2014_3_27_,100.3,101.7,100.03,101.28,202.20K,1.02%
2014_3_26_,99.18,100.46,99.1,100.26,211.37K,1.08%
2014_3_25_,99.43,100.25,98.8,99.19,217.01K,-0.41%
2014_3_24_,99.49,100.29,99.05,99.6,151.71K,0.14%
2014_3_21_,98.59,100.25,98.25,99.46,191.29K,0.03%
2014_3_20_,100.39,100.82,99.08,99.43,33.88K,-0.94%
2014_3_19_,99.53,100.47,99.34,100.37,110.32K,0.67%
2014_3_18_,97.97,99.78,97.75,99.7,192.51K,1.65%
2014_3_17_,99.39,99.39,97.37,98.08,227.39K,-0.82%
2014_3_14_,98.25,99.28,98.06,98.89,226.30K,0.70%
2014_3_13_,98.1,98.6,97.67,98.2,268.07K,0.21%
2014_3_12_,99.48,99.6,97.55,97.99,416.93K,-2.04%
2014_3_11_,100.94,101.52,99.32,100.03,294.20K,-1.08%
2014_3_10_,102.75,102.82,100.85,101.12,225.29K,-1.42%
2014_3_7_,101.97,102.91,101.57,102.58,226.15K,1.00%
2014_3_6_,101.04,102.08,100.13,101.56,291.85K,0.11%
2014_3_5_,103.35,103.53,100.85,101.45,267.84K,-1.82%
2014_3_4_,104.89,104.96,102.85,103.33,210.01K,-1.52%
2014_3_3_,103,105.22,102.95,104.92,295.82K,2.27%
2014_2_28_,102.15,102.96,101.8,102.59,178.28K,0.19%
2014_2_27_,102.57,103.08,101.75,102.4,196.49K,-0.19%
2014_2_26_,102.04,102.9,101.58,102.59,196.52K,0.75%
2014_2_25_,102.8,102.84,101.02,101.83,187.22K,-0.96%
2014_2_24_,102.29,103.45,101.97,102.82,177.86K,0.61%
2014_2_21_,102.87,102.92,101.69,102.2,173.26K,-0.70%
2014_2_20_,103.41,103.5,102.75,102.92,36.26K,-0.38%
2014_2_19_,103.14,103.8,102.4,103.31,116.16K,0.86%
2014_2_18_,100.32,103.25,100.23,102.43,177.37K,1.83%
2014_2_17_,100.59,100.83,100.23,100.58,-,0.28%
2014_2_14_,100.34,100.47,99.43,100.3,229.78K,-0.05%
2014_2_13_,100.27,100.66,99.4,100.35,221.72K,-0.02%
2014_2_12_,100.46,101.38,100.04,100.37,318.69K,0.43%
2014_2_11_,99.97,100.6,99.6,99.94,233.93K,-0.12%
2014_2_10_,100.05,100.55,99.11,100.06,251.13K,0.18%
2014_2_7_,97.97,100.24,97.11,99.88,270.41K,2.09%
2014_2_6_,97.25,98.83,97.25,97.84,234.28K,0.47%
2014_2_5_,97.67,98.26,96.8,97.38,237.67K,0.20%
2014_2_4_,96.53,97.82,96.37,97.19,204.28K,0.79%
2014_2_3_,97.4,97.94,96.26,96.43,293.31K,-1.09%
2014_1_31_,97.97,98.39,97.1,97.49,253.46K,-0.75%
2014_1_30_,97.42,98.59,97.33,98.23,199.42K,0.89%
2014_1_29_,97.17,97.75,96.32,97.36,200.49K,-0.05%
2014_1_28_,95.66,97.66,95.63,97.41,206.49K,1.77%
2014_1_27_,96.9,97.18,95.21,95.72,235.11K,-0.95%
2014_1_24_,97.37,97.8,96.25,96.64,239.67K,-0.70%
2014_1_23_,96.69,97.84,96.41,97.32,274.08K,0.61%
2014_1_22_,95.2,96.89,95.12,96.73,252.35K,1.83%
2014_1_21_,94,95.23,93.43,94.99,35.63K,1.12%
2014_1_20_,94.31,94.31,93.66,93.93,-,-0.46%
2014_1_17_,94.17,94.94,93.94,94.37,119.89K,0.44%
2014_1_16_,94.29,94.64,93.6,93.96,165.14K,-0.22%
2014_1_15_,92.65,94.64,92.43,94.17,263.30K,1.71%
2014_1_14_,91.51,92.88,91.5,92.59,243.47K,0.86%
2014_1_13_,92.83,92.88,91.43,91.8,212.21K,-0.99%
2014_1_10_,92.3,93.38,91.99,92.72,255.99K,1.16%
2014_1_9_,92.58,92.93,91.24,91.66,255.78K,-0.73%
2014_1_8_,93.96,94.18,92.26,92.33,244.86K,-1.43%
2014_1_7_,93.6,94.22,93.35,93.67,177.18K,0.26%
2014_1_6_,94.18,94.59,93.2,93.43,189.38K,-0.56%
2014_1_3_,95.47,95.74,93.86,93.96,215.52K,-1.55%
2014_1_2_,98.5,98.97,95.34,95.44,251.25K,-3.30%
2014_1_1_,98.61,98.76,98.54,98.7,-,0.28%
2013_12_31_,99.25,99.39,98.15,98.42,113.91K,-0.88%
2013_12_30_,100.15,100.42,99.13,99.29,118.36K,-1.03%
2013_12_27_,99.63,100.75,99.37,100.32,127.20K,0.77%
2013_12_26_,99.2,99.7,99.05,99.55,65.67K,0.33%
2013_12_24_,98.62,99.3,98.53,99.22,51.88K,0.31%
2013_12_23_,99.2,99.31,98.64,98.91,107.27K,-0.41%
2013_12_20_,98.7,99.4,98.54,99.32,151.28K,0.56%
2013_12_19_,97.69,99.17,97.5,98.77,23.58K,0.99%
2013_12_18_,97.3,98.01,97.02,97.8,84.63K,0.60%
2013_12_17_,97.3,97.9,97,97.22,120.13K,-0.27%
2013_12_16_,96.55,97.69,96.21,97.48,187.59K,0.91%
2013_12_13_,97.58,97.62,96.26,96.6,233.16K,-0.92%
2013_12_12_,97.55,98.18,97.31,97.5,205.75K,0.06%
2013_12_11_,98.65,98.75,97.2,97.44,274.19K,-1.09%
2013_12_10_,97.25,98.74,97.24,98.51,264.84K,1.20%
2013_12_9_,97.66,97.97,97.1,97.34,210.09K,-0.32%
2013_12_6_,97.38,98.07,97.08,97.65,223.94K,0.28%
2013_12_5_,97.33,97.99,97.01,97.38,216.39K,0.19%
2013_12_4_,96.9,97.58,96.3,97.2,325.86K,1.21%
2013_12_3_,93.86,96.96,93.67,96.04,319.27K,2.37%
2013_12_2_,92.71,94.08,92.56,93.82,234.80K,1.19%
2013_11_29_,92.33,93.9,92.06,92.72,143.21K,0.48%
2013_11_28_,92.19,92.36,92.08,92.28,-,-0.03%
2013_11_27_,93.5,93.6,91.77,92.3,230.88K,-1.47%
2013_11_26_,94.21,94.69,93.43,93.68,160.18K,-0.44%
2013_11_25_,94.15,94.5,93.08,94.09,270.86K,-0.79%
2013_11_22_,95.29,95.57,94.05,94.84,257.84K,-0.63%
2013_11_21_,93.73,95.63,93.47,95.44,222.14K,2.26%
2013_11_20_,93.33,93.93,92.73,93.33,27.44K,-0.01%
2013_11_19_,93,93.46,92.43,93.34,131.46K,0.33%
2013_11_18_,93.78,94.3,92.72,93.03,169.44K,-0.86%
2013_11_15_,93.89,94.55,93.58,93.84,204.37K,0.09%
2013_11_14_,93.5,94.43,92.51,93.76,315.07K,-0.13%
2013_11_13_,93.07,94.54,92.93,93.88,305.01K,0.90%
2013_11_12_,95,95.22,92.86,93.04,353.69K,-2.21%
2013_11_11_,94.45,95.38,94.11,95.14,206.72K,0.57%
2013_11_8_,94.36,94.92,93.9,94.6,241.69K,0.42%
2013_11_7_,94.91,95.31,93.8,94.2,260.60K,-0.63%
2013_11_6_,93.74,95.4,93.65,94.8,282.72K,1.53%
2013_11_5_,94.47,94.9,93.07,93.37,226.45K,-1.32%
2013_11_4_,94.52,95.11,94.06,94.62,219.11K,0.01%
2013_11_1_,96.32,96.65,94.36,94.61,282.14K,-1.84%
2013_10_31_,96.62,97.03,96.03,96.38,255.40K,-0.40%
2013_10_30_,97.77,97.82,96.55,96.77,268.14K,-1.46%
2013_10_29_,98.54,98.57,97.69,98.2,183.24K,-0.49%
2013_10_28_,97.88,98.82,97.37,98.68,230.16K,0.85%
2013_10_25_,97.19,98.06,96.99,97.85,192.63K,0.76%
2013_10_24_,97.1,97.69,95.95,97.11,248.74K,0.26%
2013_10_23_,98.12,98.29,96.16,96.86,356.19K,-0.96%
2013_10_22_,99.06,99.77,97.5,97.8,30.73K,-1.43%
2013_10_21_,100.63,100.95,98.98,99.22,90.82K,-1.58%
2013_10_18_,100.72,101.71,100.51,100.81,116.68K,0.14%
2013_10_17_,102.13,102.32,100.03,100.67,266.63K,-1.58%
2013_10_16_,100.88,102.97,100.75,102.29,235.24K,1.07%
2013_10_15_,102.19,102.46,100.87,101.21,240.22K,-1.17%
2013_10_14_,101.37,102.62,101.06,102.41,170.67K,0.38%
2013_10_11_,102.94,102.95,100.6,102.02,298.22K,-0.96%
2013_10_10_,101.46,103.57,101.16,103.01,296.86K,1.38%
2013_10_9_,103.49,103.75,101.18,101.61,283.13K,-1.82%
2013_10_8_,103.16,104.08,102.85,103.49,194.20K,0.45%
2013_10_7_,103.45,103.74,101.86,103.03,269.03K,-0.78%
2013_10_4_,102.92,104.19,102.9,103.84,165.20K,0.51%
2013_10_3_,103.82,104.38,102.87,103.31,226.23K,-0.76%
2013_10_2_,101.62,104.23,101.43,104.1,300.53K,2.02%
2013_10_1_,102.31,102.58,101.06,102.04,223.03K,-0.28%
2013_9_30_,102.46,102.76,101.05,102.33,226.71K,-0.52%
2013_9_27_,102.91,103.77,102.36,102.87,232.30K,-0.16%
2013_9_26_,102.3,103.29,102.2,103.03,183.78K,0.36%
2013_9_25_,103.41,103.96,102.2,102.66,236.20K,-0.46%
2013_9_24_,103.44,103.64,102.3,103.13,259.54K,-0.44%
2013_9_23_,104.89,105.12,103.12,103.59,223.39K,-1.04%
2013_9_20_,106.37,106.46,104.32,104.68,39.27K,-1.61%
2013_9_19_,108.22,108.99,106.08,106.39,139.84K,-1.55%
2013_9_18_,105.53,108.49,105.32,108.07,199.89K,2.51%
2013_9_17_,106.22,106.43,104.94,105.42,304.85K,-1.10%
2013_9_16_,107.5,108,106.06,106.59,282.89K,-1.50%
2013_9_13_,108.64,108.74,107.23,108.21,207.04K,-0.36%
2013_9_12_,107.77,109.16,107.3,108.6,249.78K,0.97%
2013_9_11_,107.36,108.09,106.53,107.56,238.24K,0.16%
2013_9_10_,108.92,108.95,106.39,107.39,325.31K,-1.94%
2013_9_9_,110.28,110.46,108.76,109.52,266.92K,-0.91%
2013_9_6_,108.52,110.7,108.12,110.53,269.87K,1.99%
2013_9_5_,107.59,108.54,107.13,108.37,184.89K,1.06%
2013_9_4_,108.44,108.61,106.77,107.23,224.38K,-1.21%
2013_9_3_,107.07,108.83,104.21,108.54,288.02K,1.68%
2013_9_2_,105.91,107.29,105.86,106.75,-,-0.84%
2013_8_30_,108.17,108.75,106.75,107.65,239.63K,-1.06%
2013_8_29_,109.53,110.07,107.72,108.8,250.04K,-1.18%
2013_8_28_,109.22,112.24,109.11,110.1,336.17K,1.00%
2013_8_27_,106.14,109.32,105.88,109.01,295.93K,2.92%
2013_8_26_,106.91,107.37,105.56,105.92,166.00K,-0.47%
2013_8_23_,105.22,106.94,104.3,106.42,259.55K,1.32%
2013_8_22_,103.86,105.25,103.53,105.03,204.69K,1.14%
2013_8_21_,105.18,105.35,103.5,103.85,259.24K,-1.07%
2013_8_20_,106.93,107.1,104.5,104.97,39.88K,-1.99%
2013_8_19_,107.78,107.8,106.56,107.1,102.78K,-0.34%
2013_8_16_,107.18,108.17,106.56,107.46,179.86K,0.12%
2013_8_15_,106.98,107.87,106.6,107.33,251.87K,0.45%
2013_8_14_,106.54,107.06,105.6,106.85,270.92K,0.02%
2013_8_13_,106.15,107.2,105.56,106.83,276.77K,0.68%
2013_8_12_,105.84,106.46,105.03,106.11,257.14K,0.13%
2013_8_9_,103.87,106.24,103.62,105.97,303.80K,2.49%
2013_8_8_,104.18,104.96,102.22,103.4,320.07K,-0.93%
2013_8_7_,105.68,105.77,104.1,104.37,294.24K,-0.88%
2013_8_6_,106.48,107.27,104.86,105.3,273.00K,-1.18%
2013_8_5_,106.84,107.69,105.7,106.56,204.86K,-0.36%
2013_8_2_,107.8,108.82,106.45,106.94,249.31K,-0.88%
2013_8_1_,105.26,108.06,105.1,107.89,267.59K,2.72%
2013_7_31_,103.15,105.43,102.93,105.03,299.13K,1.89%
2013_7_30_,104.52,104.54,102.67,103.08,235.61K,-1.41%
2013_7_29_,104.61,105.37,103.87,104.55,206.33K,-0.14%
2013_7_26_,105.56,105.63,103.9,104.7,208.86K,-0.75%
2013_7_25_,105.37,105.87,104.08,105.49,270.58K,0.09%
2013_7_24_,107.36,107.52,104.79,105.39,278.26K,-1.72%
2013_7_23_,107,107.55,105.46,107.23,241.64K,0.30%
2013_7_22_,108.34,108.79,106.43,106.91,29.38K,-1.06%
2013_7_19_,108.12,109.32,107.48,108.05,112.37K,0.01%
2013_7_18_,106.56,108.43,106.15,108.04,155.96K,1.47%
2013_7_17_,105.78,106.6,105.11,106.48,262.79K,0.45%
2013_7_16_,106.44,107.18,105.66,106,250.92K,-0.30%
2013_7_15_,106.05,106.63,104.65,106.32,210.81K,0.35%
2013_7_12_,104.58,106.33,104.36,105.95,234.76K,0.99%
2013_7_11_,106.15,107.45,104.31,104.91,316.73K,-1.51%
2013_7_10_,104.57,106.66,104.21,106.52,404.82K,2.89%
2013_7_9_,103,104.76,102.31,103.53,285.67K,0.38%
2013_7_8_,103.95,104.12,102.13,103.14,253.20K,-0.08%
2013_7_5_,101.09,103.68,100.71,103.22,256.03K,1.79%
2013_7_4_,101.27,101.57,100.71,101.4,-,0.16%
2013_7_3_,99.61,102.18,99.59,101.24,353.25K,1.65%
2013_7_2_,98.06,99.87,97.78,99.6,285.78K,1.64%
2013_7_1_,96.58,98.28,96.07,97.99,229.19K,1.48%
2013_6_28_,96.81,97.82,96.33,96.56,247.61K,-0.50%
2013_6_27_,95.52,97.41,95.35,97.05,269.31K,1.62%
2013_6_26_,95.17,95.7,93.68,95.5,291.42K,0.19%
2013_6_25_,95.02,96.17,94.59,95.32,267.54K,0.15%
2013_6_24_,93.85,95.59,92.67,95.18,315.82K,1.59%
2013_6_21_,94.96,95.84,93.12,93.69,340.90K,-1.79%
2013_6_20_,98.02,98.03,94.89,95.4,26.73K,-2.89%
2013_6_19_,98.59,99.01,97.57,98.24,111.30K,-0.20%
2013_6_18_,97.93,98.67,97.41,98.44,145.62K,0.69%
2013_6_17_,97.85,98.74,97.38,97.77,242.79K,-0.08%
2013_6_14_,96.64,98.25,96.42,97.85,240.91K,1.20%
2013_6_13_,95.77,96.92,95.02,96.69,224.45K,0.84%
2013_6_12_,94.89,96.45,94.46,95.88,244.87K,0.52%
2013_6_11_,95.76,95.91,94.04,95.38,257.47K,-0.41%
2013_6_10_,96.09,96.25,95.19,95.77,234.60K,-0.27%
2013_6_7_,94.72,96.39,93.72,96.03,330.83K,1.34%
2013_6_6_,93.7,95.32,93.69,94.76,267.16K,1.09%
2013_6_5_,93.86,94.48,93.41,93.74,268.91K,0.46%
2013_6_4_,93.35,94.41,92.38,93.31,301.14K,-0.15%
2013_6_3_,91.73,93.7,91.26,93.45,287.47K,1.61%
2013_5_31_,93.64,93.85,91.56,91.97,267.98K,-1.75%
2013_5_30_,92.89,93.99,91.65,93.61,294.86K,0.52%
2013_5_29_,95.05,95.22,92.83,93.13,293.46K,-1.98%
2013_5_28_,93.89,95.92,93.23,95.01,240.99K,1.25%
2013_5_27_,93.54,94.03,93.25,93.83,-,-0.33%
2013_5_24_,94.37,94.39,93.04,94.15,203.99K,-0.11%
2013_5_23_,94.18,94.46,92.21,94.25,323.63K,-0.03%
2013_5_22_,95.9,96.19,94.01,94.28,336.50K,-1.96%
2013_5_21_,96.7,96.97,95.5,96.16,-,-0.57%
2013_5_20_,95.93,97.11,95.23,96.71,118.62K,0.72%
2013_5_17_,95.15,96.45,94.79,96.02,187.75K,0.90%
2013_5_16_,94.34,95.57,93.23,95.16,297.86K,0.91%
2013_5_15_,94.13,94.44,92.13,94.3,360.68K,0.10%
2013_5_14_,94.93,95.66,93.85,94.21,269.40K,-1.01%
2013_5_13_,95.76,95.81,94.47,95.17,297.04K,-0.91%
2013_5_10_,96.16,96.24,93.37,96.04,354.12K,-0.36%
2013_5_9_,96.6,96.77,95.35,96.39,272.20K,-0.24%
2013_5_8_,95.56,96.77,95.24,96.62,276.32K,1.05%
2013_5_7_,95.79,96.26,94.92,95.62,260.14K,-0.56%
2013_5_6_,95.58,97.17,94.85,96.16,271.00K,0.58%
2013_5_3_,93.99,96.04,93.56,95.61,297.52K,1.72%
2013_5_2_,91,94.25,90.65,93.99,310.81K,3.25%
2013_5_1_,93.08,93.26,90.11,91.03,332.38K,-2.60%
2013_4_30_,94.42,94.62,92.86,93.46,277.50K,-1.10%
2013_4_29_,92.7,94.69,92.43,94.5,214.61K,1.61%
2013_4_26_,93.24,93.58,92.06,93,240.97K,-0.68%
2013_4_25_,91.58,93.87,91.11,93.64,270.12K,2.42%
2013_4_24_,89.6,91.72,89.21,91.43,257.74K,2.52%
2013_4_23_,89.28,89.6,87.8,89.18,288.80K,0.47%
2013_4_22_,87.96,89.13,87.55,88.76,35.73K,0.85%
2013_4_19_,88.37,88.79,87.56,88.01,100.65K,0.32%
2013_4_18_,86.39,88.51,85.61,87.73,228.20K,1.21%
2013_4_17_,88.8,89.09,86.06,86.68,294.27K,-2.30%
2013_4_16_,87.42,88.96,86.06,88.72,287.41K,0.01%
2013_4_15_,90.95,90.98,87.2,88.71,362.52K,-2.83%
2013_4_12_,93.49,93.52,90.27,91.29,325.58K,-2.37%
2013_4_11_,94.56,94.64,93.06,93.51,222.44K,-1.19%
2013_4_10_,93.96,94.82,93.4,94.64,248.56K,0.47%
2013_4_9_,93.49,94.48,92.86,94.2,234.72K,0.90%
2013_4_8_,93.02,93.75,92.46,93.36,212.12K,0.71%
2013_4_5_,93.36,93.57,91.91,92.7,267.28K,-0.60%
2013_4_4_,94.5,94.84,92.12,93.26,355.32K,-1.26%
2013_4_3_,96.93,96.96,94.18,94.45,302.24K,-2.82%
2013_4_2_,97,97.44,95.91,97.19,209.88K,0.12%
2013_4_1_,97.36,97.8,95.92,97.07,192.40K,-0.16%
2013_3_28_,96.68,97.35,96.26,97.23,174.39K,0.67%
2013_3_27_,96.18,96.84,95.58,96.58,207.78K,0.25%
2013_3_26_,94.75,96.45,94.67,96.34,214.35K,1.61%
2013_3_25_,93.72,95.65,93.7,94.81,270.65K,1.17%
2013_3_22_,92.33,93.94,92.33,93.71,202.67K,1.36%
2013_3_21_,93.4,93.53,91.84,92.45,214.13K,-0.55%
2013_3_20_,92.09,93.28,92.09,92.96,27.76K,0.87%
2013_3_19_,93.8,94.09,92.03,92.16,96.80K,-1.69%
2013_3_18_,93.26,93.94,91.76,93.74,151.21K,0.31%
2013_3_15_,93.15,93.84,93,93.45,175.61K,0.45%
2013_3_14_,92.51,93.25,92.01,93.03,174.70K,0.55%
2013_3_13_,92.62,93.4,91.91,92.52,251.34K,-0.02%
2013_3_12_,91.94,93.47,91.6,92.54,283.11K,0.52%
2013_3_11_,91.83,92.15,90.89,92.06,194.61K,0.12%
2013_3_8_,91.42,92.03,90.83,91.95,219.96K,0.43%
2013_3_7_,90.42,91.73,90.22,91.56,234.92K,1.25%
2013_3_6_,90.83,91.17,89.55,90.43,244.17K,-0.43%
2013_3_5_,90.23,90.99,90.02,90.82,209.87K,0.78%
2013_3_4_,90.71,90.91,89.33,90.12,231.11K,-0.62%
2013_3_1_,91.76,91.97,90.04,90.68,248.47K,-1.49%
2013_2_28_,92.89,93.18,91.57,92.05,218.12K,-0.77%
2013_2_27_,92.72,93.37,92.18,92.76,201.51K,0.14%
2013_2_26_,91.92,93.44,91.92,92.63,230.84K,-0.52%
2013_2_25_,93.23,94.46,92.07,93.11,217.52K,-0.02%
2013_2_22_,92.96,93.48,92.44,93.13,204.26K,0.31%
2013_2_21_,94.72,94.92,92.63,92.84,286.43K,-1.72%
2013_2_20_,96.66,97.07,93.92,94.46,30.29K,-2.28%
2013_2_19_,95.97,96.73,95.25,96.66,118.31K,0.83%
2013_2_15_,97.34,97.47,95.21,95.86,223.59K,-1.49%
2013_2_14_,97.17,97.71,96.77,97.31,174.60K,0.31%
2013_2_13_,97.59,98.11,96.63,97.01,246.44K,-0.51%
2013_2_12_,96.96,97.79,96.68,97.51,239.80K,0.49%
2013_2_11_,95.79,97.09,94.97,97.03,283.96K,1.37%
2013_2_8_,95.92,96.57,95.27,95.72,229.24K,-0.11%
2013_2_7_,96.86,97.21,95.54,95.83,275.47K,-0.82%
2013_2_6_,96.64,96.99,95.04,96.62,282.80K,-0.02%
2013_2_5_,96.13,97.07,95.91,96.64,188.84K,0.49%
2013_2_4_,97.72,97.76,95.89,96.17,196.98K,-1.64%
2013_2_1_,97.42,98.15,96.51,97.77,270.28K,0.29%
2013_1_31_,97.96,98.04,96.84,97.49,230.63K,-0.46%
2013_1_30_,97.32,98.24,97.32,97.94,211.28K,0.38%
2013_1_29_,96.46,97.82,96.29,97.57,252.93K,1.17%
2013_1_28_,96.04,96.81,95.47,96.44,167.19K,0.58%
2013_1_25_,95.95,96.56,95.43,95.88,184.87K,-0.07%
2013_1_24_,95.5,96.68,95.12,95.95,232.04K,0.76%
2013_1_23_,96.76,96.92,94.95,95.23,318.01K,-1.05%
2013_1_22_,95.25,96.38,94.98,96.24,37.96K,0.71%
2013_1_18_,95.19,95.67,94.91,95.56,118.55K,0.07%
2013_1_17_,94.19,96.04,93.8,95.49,178.29K,1.33%
2013_1_16_,93.4,94.36,93.1,94.24,241.53K,1.03%
2013_1_15_,94.2,94.44,93.22,93.28,248.14K,-0.91%
2013_1_14_,93.74,94.29,92.95,94.14,248.60K,0.62%
2013_1_11_,93.87,94.13,92.65,93.56,257.82K,-0.28%
2013_1_10_,93.19,94.7,93.08,93.82,279.30K,0.77%
2013_1_9_,93.15,93.65,92.68,93.1,201.39K,-0.05%
2013_1_8_,93.32,93.8,92.67,93.15,195.87K,-0.04%
2013_1_7_,93.21,93.35,92.42,93.19,166.29K,0.11%
2013_1_4_,92.86,93.21,91.52,93.09,210.75K,0.18%
2013_1_3_,92.91,93.3,92.49,92.92,189.81K,-0.21%
2013_1_2_,91.78,93.87,91.56,93.12,203.87K,1.42%
2012_12_31_,90.41,91.99,90,91.82,119.53K,1.12%
2012_12_28_,91.15,91.49,90.32,90.8,131.37K,-0.08%
2012_12_27_,91,91.44,90.05,90.87,152.77K,-0.12%
2012_12_26_,88.62,91.3,88.59,90.98,141.60K,2.67%
2012_12_24_,88.6,88.86,88.2,88.61,48.52K,-0.06%
2012_12_21_,90.02,90.07,87.96,88.66,180.38K,-1.63%
2012_12_20_,89.69,90.54,89.26,90.13,178.14K,0.69%
2012_12_19_,87.94,89.9,87.81,89.51,36.81K,1.80%
2012_12_18_,87.45,88.16,87.21,87.93,93.13K,0.84%
2012_12_17_,86.88,87.71,86.48,87.2,157.23K,0.54%
2012_12_14_,86.13,86.92,86.05,86.73,218.27K,0.98%
2012_12_13_,86.77,86.97,85.81,85.89,228.42K,-1.01%
2012_12_12_,85.69,87.68,85.68,86.77,300.35K,1.14%
2012_12_11_,85.7,86.37,85.21,85.79,217.86K,0.27%
2012_12_10_,85.98,86.78,85.33,85.56,211.60K,-0.43%
2012_12_7_,86.39,86.92,85.77,85.93,244.99K,-0.38%
2012_12_6_,87.87,88.23,85.68,86.26,269.29K,-1.84%
2012_12_5_,88.5,89.05,87.46,87.88,220.85K,-0.70%
2012_12_4_,88.93,89.18,87.57,88.5,206.27K,-0.66%
2012_12_3_,88.85,90.33,88.66,89.09,235.99K,0.20%
2012_11_30_,87.66,88.99,87.47,88.91,216.21K,0.95%
2012_11_29_,86.57,88.69,86.55,88.07,270.03K,1.83%
2012_11_28_,87.33,87.34,85.36,86.49,249.74K,-0.79%
2012_11_27_,87.82,88.25,86.83,87.18,210.47K,-0.64%
2012_11_26_,88.21,88.29,87.27,87.74,156.59K,-0.61%
2012_11_23_,87.68,88.53,86.71,88.28,104.94K,1.03%
2012_11_21_,87.28,87.89,86.37,87.38,220.98K,0.73%
2012_11_20_,89.15,89.19,86.17,86.75,322.63K,-2.83%
2012_11_19_,87.3,89.8,87.11,89.28,247.08K,3.01%
2012_11_16_,85.28,87.01,85.02,86.67,40.71K,1.43%
2012_11_15_,86.36,86.83,84.68,85.45,168.10K,-1.01%
2012_11_14_,85.37,86.65,84.93,86.32,265.31K,1.10%
2012_11_13_,85.59,85.95,84.57,85.38,352.25K,-0.22%
2012_11_12_,86.19,86.54,85.27,85.57,280.69K,-0.58%
2012_11_9_,85,86.77,84.13,86.07,322.40K,1.15%
2012_11_8_,84.52,85.7,84.22,85.09,296.60K,0.77%
2012_11_7_,88.42,88.8,84.05,84.44,422.21K,-4.81%
2012_11_6_,85.67,89.22,85.42,88.71,303.43K,3.57%
2012_11_5_,84.65,85.9,84.34,85.65,221.40K,0.93%
2012_11_2_,86.91,87.24,84.66,84.86,297.31K,-2.56%
2012_11_1_,86.1,87.42,85.92,87.09,197.18K,0.99%
2012_10_31_,85.73,87.19,85.61,86.24,212.58K,0.65%
2012_10_30_,85.31,86.24,85.1,85.68,106.22K,0.16%
2012_10_29_,86.43,86.43,84.66,85.54,145.73K,-0.86%
2012_10_26_,86,86.37,85,86.28,212.38K,0.27%
2012_10_25_,85.65,86.75,85.23,86.05,208.68K,0.37%
2012_10_24_,86.6,87.47,84.94,85.73,298.16K,-1.08%
2012_10_23_,89.14,89.29,85.69,86.67,309.49K,-2.32%
2012_10_22_,89.52,90.8,88.21,88.73,23.96K,-1.47%
2012_10_19_,92.04,93.05,89.83,90.05,123.65K,-2.23%
2012_10_18_,92.06,92.59,90.66,92.1,184.65K,-0.02%
2012_10_17_,92.08,92.85,91.55,92.12,226.34K,0.03%
2012_10_16_,91.76,92.32,91.3,92.09,232.22K,0.26%
2012_10_15_,91.63,92.2,89.79,91.85,269.02K,-0.01%
2012_10_12_,92.41,92.64,91.16,91.86,198.46K,-0.23%
2012_10_11_,91.27,92.94,91.09,92.07,300.09K,0.90%
2012_10_10_,92.26,93.66,91.02,91.25,303.50K,-1.23%
2012_10_9_,89.62,92.91,89.29,92.39,378.04K,3.43%
2012_10_8_,89.85,89.89,88.21,89.33,202.69K,-0.61%
2012_10_5_,91.51,91.71,89.01,89.88,279.13K,-2.00%
2012_10_4_,88.01,91.84,87.91,91.71,291.39K,4.05%
2012_10_3_,91.64,91.82,87.7,88.14,339.51K,-4.08%
2012_10_2_,92.41,92.94,91.62,91.89,177.73K,-0.64%
2012_10_1_,92.15,93.33,91.26,92.48,216.01K,0.31%
2012_9_28_,92.35,92.71,91.4,92.19,210.20K,0.37%
2012_9_27_,90.08,92.39,89.88,91.85,237.29K,2.08%
2012_9_26_,90.82,91.34,88.95,89.98,272.06K,-1.52%
2012_9_25_,92.11,93.2,90.57,91.37,239.02K,-0.61%
2012_9_24_,93.18,93.18,91.06,91.93,188.32K,-1.03%
2012_9_21_,92.93,93.84,92.59,92.89,181.04K,1.11%
2012_9_20_,91.77,92.37,90.66,91.87,30.14K,-0.12%
2012_9_19_,95.49,96.17,91.25,91.98,133.04K,-3.47%
2012_9_18_,96.71,97.23,95.11,95.29,196.21K,-1.38%
2012_9_17_,99.15,99.52,94.65,96.62,308.27K,-2.40%
2012_9_14_,98.04,100.42,97.99,99,271.79K,0.70%
2012_9_13_,96.93,98.58,96.51,98.31,291.06K,1.34%
2012_9_12_,96.85,98.06,96.31,97.01,223.53K,-0.16%
2012_9_11_,96.29,97.31,96.08,97.17,222.01K,0.65%
2012_9_10_,96.24,96.63,95.34,96.54,222.00K,0.12%
2012_9_7_,94.7,96.74,94.08,96.42,293.03K,0.93%
2012_9_6_,96,97.71,94.59,95.53,327.08K,0.18%
2012_9_5_,95.61,96.03,94.26,95.36,233.04K,0.06%
2012_9_4_,96.38,97.37,94.97,95.3,256.15K,-1.21%
2012_8_31_,94.75,96.92,94.51,96.47,249.06K,1.96%
2012_8_30_,95.3,95.6,93.95,94.62,192.46K,-0.91%
2012_8_29_,96.08,96.37,94.76,95.49,185.89K,-0.87%
2012_8_28_,95.66,96.54,95.14,96.33,198.46K,0.90%
2012_8_27_,96.67,97.72,94.41,95.47,230.84K,-0.71%
2012_8_24_,96.06,97.17,95.41,96.15,204.23K,-0.12%
2012_8_23_,97.3,98.29,95.75,96.27,225.16K,-1.02%
2012_8_22_,96.94,97.54,96.26,97.26,217.44K,0.60%
2012_8_21_,95.97,97.6,95.81,96.68,33.07K,0.74%
2012_8_20_,96.36,96.53,95.02,95.97,113.31K,-0.04%
2012_8_17_,95.23,96.28,94.98,96.01,162.59K,0.43%
2012_8_16_,94.21,95.75,93.93,95.6,212.63K,1.35%
2012_8_15_,93.25,94.9,92.68,94.33,281.64K,0.96%
2012_8_14_,92.71,93.92,92.56,93.43,200.41K,0.75%
2012_8_13_,93.25,94.14,92.05,92.73,280.27K,-0.15%
2012_8_10_,93.46,93.87,91.71,92.87,224.51K,-0.52%
2012_8_9_,93.43,94.21,93.07,93.36,258.64K,0.01%
2012_8_8_,93.41,94.72,92.82,93.35,269.93K,-0.34%
2012_8_7_,92.05,94.42,91.78,93.67,260.01K,1.59%
2012_8_6_,91.34,92.33,90.63,92.2,194.37K,0.88%
2012_8_3_,87.26,91.74,87.23,91.4,301.78K,4.90%
2012_8_2_,88.87,89.63,86.92,87.13,302.70K,-2.00%
2012_8_1_,88.03,89.47,87.51,88.91,281.20K,0.97%
2012_7_31_,89.67,90.3,87.31,88.06,282.85K,-1.92%
2012_7_30_,90.14,90.95,89.33,89.78,191.10K,-0.39%
2012_7_27_,89.43,90.45,89.13,90.13,210.41K,0.83%
2012_7_26_,89.1,90.47,88.07,89.39,233.40K,0.47%
2012_7_25_,88.2,89.36,86.84,88.97,289.55K,0.53%
2012_7_24_,88.05,89.09,87.43,88.5,309.87K,0.41%
2012_7_23_,91.61,91.64,87.91,88.14,290.36K,-3.61%
2012_7_20_,92.22,92.3,90.66,91.44,22.10K,-1.32%
2012_7_19_,90.08,92.94,89.86,92.66,102.93K,3.10%
2012_7_18_,89.13,90.04,88.59,89.87,192.85K,0.73%
2012_7_17_,88.26,89.46,87.41,89.22,262.79K,0.89%
2012_7_16_,87.13,88.48,86.41,88.43,223.12K,1.53%
2012_7_13_,85.86,87.61,85.58,87.1,260.83K,1.18%
2012_7_12_,86.2,86.37,84.21,86.08,240.73K,0.31%
2012_7_11_,84.01,86.49,84.01,85.81,307.82K,2.26%
2012_7_10_,85.84,85.95,83.65,83.91,291.41K,-2.42%
2012_7_9_,84.2,86.48,84,85.99,256.90K,1.82%
2012_7_6_,86.73,87.13,84.02,84.45,296.20K,-3.18%
2012_7_5_,87.75,88.98,86.5,87.22,368.62K,-0.50%
2012_7_3_,83.67,88.04,83.33,87.66,336.19K,4.67%
2012_7_2_,84.65,85.05,82.1,83.75,299.10K,-1.42%
2012_6_29_,78.46,85.34,78.28,84.96,439.01K,9.36%
2012_6_28_,80.48,80.84,77.28,77.69,310.15K,-3.14%
2012_6_27_,79.47,80.92,78.68,80.21,253.01K,1.07%
2012_6_26_,79.23,79.68,78.36,79.36,253.30K,0.19%
2012_6_25_,80.2,80.68,78.03,79.21,249.00K,-0.69%
2012_6_22_,78.11,80.37,77.56,79.76,293.22K,1.99%
2012_6_21_,81.08,81.2,77.93,78.2,376.97K,-4.40%
2012_6_20_,84.04,84.34,80.91,81.8,37.37K,-2.65%
2012_6_19_,83.06,84.41,82.28,84.03,109.01K,0.91%
2012_6_18_,85.09,85.6,82.04,83.27,216.96K,-0.90%
2012_6_15_,84.33,84.8,83.42,84.03,216.55K,0.14%
2012_6_14_,82.44,84.42,82.27,83.91,278.94K,1.56%
2012_6_13_,83.51,84.01,82.15,82.62,327.54K,-0.84%
2012_6_12_,81.18,83.72,81.07,83.32,320.80K,0.75%
2012_6_11_,85.72,86.64,81.11,82.7,343.21K,-1.66%
2012_6_8_,83.63,84.67,82,84.1,304.64K,-0.85%
2012_6_7_,85.5,87.03,83.43,84.82,339.00K,-0.24%
2012_6_6_,84.12,86.27,84.03,85.02,313.10K,0.87%
2012_6_5_,84.14,84.92,83.31,84.29,246.36K,0.37%
2012_6_4_,82.96,84.38,81.21,83.98,309.78K,0.90%
2012_6_1_,86.44,86.59,82.29,83.23,407.58K,-3.81%
2012_5_31_,87.55,88.28,85.86,86.53,345.43K,-1.47%
2012_5_30_,90.86,90.92,87.27,87.82,297.20K,-3.24%
2012_5_29_,91,92.21,90.25,90.76,262.56K,-0.11%
2012_5_25_,90.79,91.32,90.2,90.86,153.92K,0.22%
2012_5_24_,90.53,91.52,89.81,90.66,231.52K,0.85%
2012_5_23_,91.54,91.72,89.28,89.9,275.52K,-1.92%
2012_5_22_,92.64,93.01,91.39,91.66,27.36K,-0.98%
2012_5_21_,91.27,93.06,90.84,92.57,107.24K,1.19%
2012_5_18_,92.86,92.88,90.93,91.48,211.75K,-1.17%
2012_5_17_,92.77,93.88,92.09,92.56,280.07K,-0.27%
2012_5_16_,93.16,94.16,91.81,92.81,308.37K,-1.24%
2012_5_15_,93.91,95.48,93.02,93.98,284.71K,-0.84%
2012_5_14_,95.79,95.83,93.65,94.78,251.99K,-1.40%
2012_5_11_,96.53,97.2,95.56,96.13,260.54K,-0.98%
2012_5_10_,96.45,97.69,96.08,97.08,282.31K,0.28%
2012_5_9_,97.38,97.39,95.17,96.81,332.87K,-0.21%
2012_5_8_,97.96,98.12,95.52,97.01,333.77K,-0.95%
2012_5_7_,98.05,98.24,95.34,97.94,300.47K,-0.56%
2012_5_4_,102.59,102.72,97.51,98.49,443.06K,-3.95%
2012_5_3_,105.39,105.42,102.36,102.54,316.88K,-2.55%
2012_5_2_,105.98,106.05,104.91,105.22,256.65K,-0.89%
2012_5_1_,104.89,106.43,104.39,106.16,245.92K,1.23%
2012_4_30_,104.93,105.16,103.88,104.87,211.45K,-0.06%
2012_4_27_,104.1,105,103.74,104.93,182.10K,0.36%
2012_4_26_,103.96,104.92,103.84,104.55,192.83K,0.41%
2012_4_25_,103.76,104.57,103.11,104.12,276.65K,0.55%
2012_4_24_,103.11,104.1,102.79,103.55,196.14K,0.43%
2012_4_23_,103.82,103.9,101.82,103.11,213.20K,0.06%
2012_4_20_,102.57,104.27,102.45,103.05,23.58K,0.76%
2012_4_19_,102.73,103.21,101.67,102.27,91.40K,-0.39%
2012_4_18_,104.22,104.51,102.19,102.67,195.81K,-1.47%
2012_4_17_,103.15,105.07,102.66,104.2,244.52K,1.23%
2012_4_16_,102.8,103.37,101.8,102.93,284.96K,0.10%
2012_4_13_,103.66,103.9,102.61,102.83,227.26K,-0.78%
2012_4_12_,102.55,104.24,102.39,103.64,271.29K,0.92%
2012_4_11_,100.94,103.13,100.84,102.7,283.01K,1.66%
2012_4_10_,102.33,102.96,100.68,101.02,312.93K,-1.41%
2012_4_9_,102.53,102.6,100.81,102.46,205.92K,-0.82%
2012_4_5_,101.96,103.4,101.37,103.31,242.90K,1.81%
2012_4_4_,104.09,104.12,101.08,101.47,300.73K,-2.44%
2012_4_3_,105.04,105.18,103.59,104.01,245.54K,-1.16%
2012_4_2_,103.27,105.49,102.06,105.23,278.10K,2.15%
2012_3_30_,103.29,104.15,102.78,103.02,244.16K,0.23%
2012_3_29_,105.58,105.7,102.13,102.78,319.99K,-2.50%
2012_3_28_,106.81,106.94,104.67,105.41,309.06K,-1.79%
2012_3_27_,107.09,107.73,106.52,107.33,209.04K,0.28%
2012_3_26_,106.79,107.32,106.19,107.03,162.28K,0.15%
2012_3_23_,105.52,108.25,105.16,106.87,260.27K,1.44%
2012_3_22_,106.81,107.12,104.5,105.35,295.47K,-1.79%
2012_3_21_,106.33,107.64,106.06,107.27,252.60K,1.57%
2012_3_20_,107.82,107.91,105.35,105.61,26.44K,-2.29%
2012_3_19_,107.18,108.24,106.55,108.09,110.35K,0.96%
2012_3_16_,105.44,107.34,105.13,107.06,192.99K,1.86%
2012_3_15_,105.5,106.18,103.78,105.11,371.04K,-0.30%
2012_3_14_,106.69,107.02,105.12,105.43,283.51K,-1.20%
2012_3_13_,106.55,107.35,105.67,106.71,282.35K,0.35%
2012_3_12_,107.5,107.56,105.38,106.34,234.73K,-0.99%
2012_3_9_,106.91,108.2,106.13,107.4,292.69K,0.77%
2012_3_8_,106.24,107.2,105.84,106.58,296.55K,0.40%
2012_3_7_,104.93,106.55,104.35,106.16,333.24K,1.39%
2012_3_6_,107.11,107.34,104.51,104.7,332.56K,-1.89%
2012_3_5_,106.75,107.42,105.5,106.72,237.45K,0.02%
2012_3_2_,108.75,109.03,105.8,106.7,299.66K,-1.97%
2012_3_1_,106.82,110.55,106.55,108.84,389.84K,1.65%
2012_2_29_,106.46,107.43,104.84,107.07,353.13K,0.49%
2012_2_28_,107.95,108.79,106.3,106.55,278.72K,-1.85%
2012_2_27_,109.67,109.77,107.27,108.56,277.60K,-1.10%
2012_2_24_,108.66,109.95,107.95,109.77,267.71K,1.80%
2012_2_23_,105.95,108.74,105.45,107.83,325.66K,1.46%
2012_2_22_,106.01,106.72,105.61,106.28,241.33K,0.42%
2012_2_21_,104.65,106.07,104.26,105.84,32.98K,2.52%
2012_2_17_,102.35,104.14,102.25,103.24,134.50K,0.91%
2012_2_16_,101.9,102.69,100.84,102.31,197.31K,0.50%
2012_2_15_,100.9,102.54,100.61,101.8,278.27K,1.05%
2012_2_14_,100.73,101.84,100.28,100.74,314.29K,-0.17%
2012_2_13_,99.33,100.87,99.09,100.91,268.06K,2.27%
2012_2_10_,99.89,99.89,97.32,98.67,307.56K,-1.17%
2012_2_9_,99.1,100.18,98.66,99.84,295.43K,1.14%
2012_2_8_,98.77,100.09,98.1,98.71,364.74K,0.30%
2012_2_7_,97.13,99.13,95.84,98.41,400.23K,1.55%
2012_2_6_,97.74,97.75,96.38,96.91,257.72K,-0.95%
2012_2_3_,96.61,98.03,96.01,97.84,318.64K,1.54%
2012_2_2_,97.11,97.99,95.44,96.36,331.24K,-1.28%
2012_2_1_,98.38,99.49,97.11,97.61,293.55K,-0.88%
2012_1_31_,98.88,101.29,97.86,98.48,373.89K,-0.30%
2012_1_30_,100,100.05,98.43,98.78,215.83K,-0.78%
2012_1_27_,99.93,100.63,99.13,99.56,253.46K,-0.14%
2012_1_26_,99.96,101.39,99.23,99.7,260.74K,0.30%
2012_1_25_,99.2,100.4,97.53,99.4,322.79K,0.45%
2012_1_24_,99.88,100.18,98.25,98.95,242.48K,-0.63%
2012_1_23_,98.34,100.24,97.4,99.58,238.96K,1.14%
2012_1_20_,100.39,100.74,97.91,98.46,34.90K,-1.92%
2012_1_19_,101.14,102.06,99.98,100.39,120.17K,-0.20%
2012_1_18_,100.91,102.06,99.84,100.59,269.39K,-0.12%
2012_1_17_,98.95,101.01,98.6,100.71,322.04K,2.04%
2012_1_13_,99.2,100.19,97.7,98.7,335.62K,-0.40%
2012_1_12_,101,102.98,98.5,99.1,370.51K,-1.75%
2012_1_11_,102.2,102.46,100.55,100.87,311.64K,-1.34%
2012_1_10_,101.3,103.41,101.3,102.24,291.27K,0.92%
2012_1_9_,101.92,102.15,100.1,101.31,311.87K,-0.25%
2012_1_6_,101.35,102.8,100.88,101.56,290.46K,-0.25%
2012_1_5_,103.29,103.73,101.3,101.81,295.62K,-1.37%
2012_1_4_,102.99,103.74,101.88,103.22,271.71K,0.25%
2012_1_3_,99.7,103.18,99.65,102.96,275.48K,4.18%
2011_12_30_,99.78,100.16,98.61,98.83,154.06K,-0.82%
2011_12_29_,99.59,99.92,98.3,99.65,153.92K,0.29%
2011_12_28_,101.25,101.71,99.11,99.36,164.66K,-1.95%
2011_12_27_,99.92,101.77,99.37,101.34,124.24K,1.67%
2011_12_23_,99.48,100.23,99.24,99.68,95.27K,0.15%
2011_12_22_,99.03,100.05,98.51,99.53,151.56K,0.87%
2011_12_21_,97.53,99.25,96.8,98.67,219.51K,1.49%
2011_12_20_,94.14,97.45,94.14,97.22,35.84K,3.56%
2011_12_19_,93.76,94.42,92.54,93.88,114.56K,0.37%
2011_12_16_,93.42,94.79,92.52,93.53,205.89K,-0.36%
2011_12_15_,94.89,95.99,93.31,93.87,273.76K,-1.14%
2011_12_14_,100.33,100.33,94.21,94.95,377.48K,-5.18%
2011_12_13_,97.85,101.25,97.64,100.14,380.75K,2.42%
2011_12_12_,99.58,99.68,97.54,97.77,279.15K,-1.65%
2011_12_9_,98.08,99.91,97.36,99.41,318.77K,1.09%
2011_12_8_,100.84,101.73,97.71,98.34,340.68K,-2.14%
2011_12_7_,101.11,101.94,99.67,100.49,330.53K,-0.78%
2011_12_6_,100.45,101.42,100.2,101.28,217.03K,0.29%
2011_12_5_,101.23,102.44,100.24,100.99,239.38K,0.03%
2011_12_2_,100,101.56,99.76,100.96,245.92K,0.76%
2011_12_1_,100.51,101.17,98.87,100.2,275.86K,-0.16%
2011_11_30_,99.48,101.75,98.92,100.36,302.86K,0.57%
2011_11_29_,97.75,100.15,97.23,99.79,320.86K,1.61%
2011_11_28_,97.5,100.74,97.13,98.21,311.74K,1.49%
2011_11_25_,95.79,97.55,94.99,96.77,185.84K,0.62%
2011_11_23_,97.79,97.87,95.35,96.17,283.45K,-1.88%
2011_11_22_,97.2,98.7,96.55,98.01,319.25K,1.12%
2011_11_21_,97.54,97.86,95.24,96.92,279.10K,-0.50%
2011_11_18_,98.61,100.15,96.64,97.41,38.55K,-1.43%
2011_11_17_,101.76,103.37,98.28,98.82,194.04K,-3.67%
2011_11_16_,99.32,102.89,98.39,102.59,379.61K,3.24%
2011_11_15_,98.04,99.84,97.51,99.37,353.32K,1.25%
2011_11_14_,99.3,99.69,97.19,98.14,351.52K,-0.86%
2011_11_11_,97.51,99.4,97.35,98.99,282.79K,1.24%
2011_11_10_,95.75,98.35,95.2,97.78,347.73K,2.13%
2011_11_9_,96.81,97.84,94.54,95.74,445.71K,-1.10%
2011_11_8_,95.87,97.08,95.23,96.8,313.57K,1.34%
2011_11_7_,94.4,96.11,93.23,95.52,321.19K,1.34%
2011_11_4_,94.24,94.93,92.87,94.26,295.46K,0.20%
2011_11_3_,92.99,94.61,90.87,94.07,299.99K,1.69%
2011_11_2_,91.6,93.79,90.97,92.51,265.63K,0.35%
2011_11_1_,92.58,92.88,89.17,92.19,351.34K,-1.07%
2011_10_31_,93.53,93.8,91.36,93.19,228.56K,-0.14%
2011_10_28_,93.93,93.93,92.01,93.32,276.76K,-0.68%
2011_10_27_,90.98,94.25,90.74,93.96,327.45K,4.17%
2011_10_26_,92.59,93.92,90,90.2,411.45K,-3.19%
2011_10_25_,91.69,94.65,91.1,93.17,489.37K,2.08%
2011_10_24_,87.05,91.88,87,91.27,484.14K,4.43%
2011_10_21_,86.5,88.89,85.95,87.4,296.56K,2.46%
2011_10_20_,86.1,86.94,84.1,85.3,31.26K,-0.94%
2011_10_19_,88.26,89.51,85.87,86.11,112.02K,-2.52%
2011_10_18_,86.2,89.03,85.55,88.34,203.77K,2.27%
2011_10_17_,87.48,88.18,85.88,86.38,227.30K,-0.48%
2011_10_14_,84.47,87.42,83.77,86.8,274.85K,3.05%
2011_10_13_,84.93,85.39,83.17,84.23,360.27K,-1.57%
2011_10_12_,85.2,86.59,84.52,85.57,294.23K,-0.28%
2011_10_11_,85.7,86.64,83.97,85.81,362.32K,0.47%
2011_10_10_,82.75,86.09,82.75,85.41,264.83K,2.93%
2011_10_7_,82.57,84,81.36,82.98,377.54K,0.47%
2011_10_6_,79.71,82.9,79.08,82.59,386.09K,3.65%
2011_10_5_,78.25,79.91,76.94,79.68,336.07K,5.30%
2011_10_4_,76.4,78.4,74.95,75.67,428.11K,-2.50%
2011_10_3_,78.92,79.64,76.25,77.61,392.78K,-2.01%
2011_9_30_,83.07,83.23,78.53,79.2,367.96K,-3.58%
2011_9_29_,80.67,83.98,79.64,82.14,351.35K,1.15%
2011_9_28_,83.76,84.62,80.49,81.21,282.85K,-3.84%
2011_9_27_,81.48,84.77,80.92,84.45,313.57K,5.25%
2011_9_26_,79.64,81.56,77.11,80.24,325.67K,0.49%
2011_9_23_,80.4,81.81,77.55,79.85,427.57K,-0.82%
2011_9_22_,84.81,85,79.66,80.51,460.00K,-6.30%
2011_9_21_,86.51,87.99,84.65,85.92,298.91K,-1.12%
2011_9_20_,85.84,87.46,85.11,86.89,30.00K,1.39%
2011_9_19_,87.75,87.75,84.79,85.7,132.22K,-2.57%
2011_9_16_,89.11,89.78,87,87.96,210.96K,-1.61%
2011_9_15_,88.6,90.15,88.01,89.4,296.29K,0.55%
2011_9_14_,89.88,90.25,88.21,88.91,330.98K,-1.44%
2011_9_13_,88.95,90.52,87.81,90.21,364.26K,2.29%
2011_9_12_,86.7,88.97,85,88.19,355.07K,1.09%
2011_9_9_,88.77,89.5,85.64,87.24,349.24K,-2.03%
2011_9_8_,90.11,90.23,88.4,89.05,336.73K,-0.32%
2011_9_7_,86.5,90.48,86.15,89.34,313.73K,3.86%
2011_9_6_,86.46,86.6,83.2,86.02,316.17K,-0.50%
2011_9_2_,88.78,88.99,85.42,86.45,307.28K,-2.79%
2011_9_1_,88.73,89.9,88.21,88.93,282.34K,0.14%
2011_8_31_,88.79,89.54,87.67,88.81,317.70K,-0.10%
2011_8_30_,87.51,89.21,86.46,88.9,315.38K,1.87%
2011_8_29_,85.33,87.62,85.11,87.27,208.61K,2.23%
2011_8_26_,85.09,85.64,82.95,85.37,283.26K,0.08%
2011_8_25_,85.17,86.56,83.01,85.3,357.82K,0.16%
2011_8_24_,85.67,86.59,84.55,85.16,294.93K,-0.33%
2011_8_23_,84.45,86.39,83.4,85.44,353.95K,1.57%
2011_8_22_,82.42,84.67,81.13,84.12,30.15K,2.26%
2011_8_19_,81.3,83.55,79.17,82.26,148.81K,-0.15%
2011_8_18_,87.41,87.53,81.15,82.38,331.28K,-5.94%
2011_8_17_,87.1,89,86.65,87.58,344.49K,1.07%
2011_8_16_,87.68,87.93,85.62,86.65,375.34K,-1.40%
2011_8_15_,85.59,88.05,84.4,87.88,292.80K,2.93%
2011_8_12_,85.55,87.37,84.02,85.38,350.09K,-0.40%
2011_8_11_,81.95,85.97,81.03,85.72,502.09K,3.41%
2011_8_10_,81.9,83.14,79.53,82.89,520.14K,4.53%
2011_8_9_,81.1,83.05,75.71,79.3,605.80K,-2.47%
2011_8_8_,85.71,85.73,80.17,81.31,521.07K,-6.41%
2011_8_5_,86.5,88.32,82.87,86.88,512.49K,0.29%
2011_8_4_,91.94,92.59,86.04,86.63,535.94K,-5.77%
2011_8_3_,93.15,93.75,91.22,91.93,350.22K,-1.98%
2011_8_2_,95.02,95.68,93.08,93.79,328.18K,-1.16%
2011_8_1_,96.2,98.6,93.42,94.89,398.86K,-0.85%
2011_7_29_,97.16,97.39,94.95,95.7,284.39K,-1.79%
2011_7_28_,97.27,98.01,96.51,97.44,236.25K,0.04%
2011_7_27_,99.18,99.5,97.14,97.4,304.52K,-2.20%
2011_7_26_,99.15,100.62,97.76,99.59,332.69K,0.39%
2011_7_25_,99.76,99.87,98.52,99.2,205.21K,-0.67%
2011_7_22_,99.2,100.19,98.43,99.87,223.27K,0.75%
2011_7_21_,98.36,100.16,97.2,99.13,293.97K,1.01%
2011_7_20_,98.11,99.02,96.64,98.14,35.29K,0.66%
2011_7_19_,96.16,98.65,95.93,97.5,138.05K,1.64%
2011_7_18_,97.37,97.69,94.69,95.93,203.97K,-1.35%
2011_7_15_,96.03,97.74,95.21,97.24,266.46K,1.62%
2011_7_14_,97.59,98.88,94.53,95.69,403.42K,-2.41%
2011_7_13_,96.72,99.21,96.53,98.05,355.10K,0.64%
2011_7_12_,95.09,97.5,93.55,97.43,343.49K,2.40%
2011_7_11_,96.1,96.75,94.14,95.15,311.45K,-1.09%
2011_7_8_,98.79,99.18,95.6,96.2,348.00K,-2.50%
2011_7_7_,97.04,99.42,96.99,98.67,339.27K,2.09%
2011_7_6_,97,97.79,95.9,96.65,288.32K,-0.25%
2011_7_5_,94.98,97.48,94.34,96.89,275.65K,2.05%
2011_7_1_,95.12,95.39,93.45,94.94,263.63K,-0.50%
2011_6_30_,95.08,95.82,93.88,95.42,276.58K,0.69%
2011_6_29_,93.37,95.84,92.66,94.77,348.79K,2.02%
2011_6_28_,90.71,93.37,90.44,92.89,279.02K,2.52%
2011_6_27_,91.16,91.3,89.61,90.61,278.68K,-0.60%
2011_6_24_,92.29,92.34,89.82,91.16,337.77K,0.15%
2011_6_23_,94.4,94.47,89.69,91.02,484.06K,-4.60%
2011_6_22_,93.76,95.7,93.24,95.41,296.28K,2.15%
2011_6_21_,93.49,94.74,92.5,93.4,41.37K,0.15%
2011_6_20_,92.8,93.49,91.14,93.26,136.84K,0.27%
2011_6_17_,95.1,95.4,91.84,93.01,245.01K,-2.04%
2011_6_16_,95.29,95.75,94.29,94.95,336.01K,0.15%
2011_6_15_,99.68,99.95,94.01,94.81,508.72K,-4.59%
2011_6_14_,97.09,99.64,96.51,99.37,347.72K,2.13%
2011_6_13_,98.77,99.32,96.13,97.3,381.99K,-2.00%
2011_6_10_,101.84,102.15,98.6,99.29,379.24K,-2.59%
2011_6_9_,100.83,102.44,100.74,101.93,345.54K,1.18%
2011_6_8_,99.58,101.89,98.02,100.74,484.28K,1.67%
2011_6_7_,98.82,99.75,97.74,99.09,415.37K,0.08%
2011_6_6_,100.42,100.68,98.55,99.01,289.67K,-1.21%
2011_6_3_,100.87,100.87,98.12,100.22,351.31K,-0.18%
2011_6_2_,99.79,100.93,98.46,100.4,389.64K,0.11%
2011_6_1_,102.68,103.31,99.63,100.29,376.48K,-2.35%
2011_5_31_,100.69,103.39,99.6,102.7,319.04K,2.10%
2011_5_27_,100.16,101.24,100.04,100.59,212.25K,0.36%
2011_5_26_,101.24,101.9,99.61,100.23,332.14K,-1.08%
2011_5_25_,99.27,101.63,98.2,101.32,354.88K,1.74%
2011_5_24_,97.54,100.09,96.61,99.59,339.53K,1.93%
2011_5_23_,99.68,100.04,96.37,97.7,296.83K,-1.80%
2011_5_20_,98.6,99.9,95.99,99.49,33.93K,1.07%
2011_5_19_,99.76,100.79,98.16,98.44,142.67K,-1.66%
2011_5_18_,97.57,100.99,97.46,100.1,285.30K,3.29%
2011_5_17_,96.98,97.81,95.02,96.91,399.13K,-0.47%
2011_5_16_,99.36,99.65,96.83,97.37,335.32K,-2.29%
2011_5_13_,98.81,100.7,97.09,99.65,367.72K,0.69%
2011_5_12_,98.59,100.49,95.25,98.97,522.50K,0.77%
2011_5_11_,103.69,104.6,97.5,98.21,524.76K,-5.46%
2011_5_10_,102.44,103.95,100.12,103.88,439.61K,1.30%
2011_5_9_,98.11,103.4,97.42,102.55,469.29K,5.53%
2011_5_6_,99.76,102.38,94.63,97.18,606.53K,-2.63%
2011_5_5_,108.78,109.38,98.25,99.8,670.08K,-8.64%
2011_5_4_,110.68,111.22,108.48,109.24,333.02K,-1.63%
2011_5_3_,112.98,113.22,110.3,111.05,300.33K,-2.18%
2011_5_2_,113.89,114.83,110.82,113.52,310.99K,-0.36%
2011_4_29_,112.82,114.18,112.25,113.93,201.83K,0.95%
2011_4_28_,113.13,113.97,111.69,112.86,301.60K,0.09%
2011_4_27_,111.89,113.4,110.71,112.76,338.70K,0.49%
2011_4_26_,112.15,112.64,111.12,112.21,234.44K,-0.06%
2011_4_25_,112.34,113.48,111.08,112.28,209.68K,-0.01%
2011_4_21_,111.37,112.48,111,112.29,240.46K,0.75%
2011_4_20_,108.45,111.66,107.96,111.45,291.55K,3.05%
2011_4_19_,107.52,108.45,105.5,108.15,37.09K,0.96%
2011_4_18_,109.43,109.44,106.54,107.12,138.18K,-2.32%
2011_4_15_,108.45,110.1,107.21,109.66,224.39K,1.43%
2011_4_14_,107.32,108.55,105.77,108.11,352.07K,0.93%
2011_4_13_,106.02,107.43,105.31,107.11,456.86K,0.81%
2011_4_12_,108.97,110.24,105.47,106.25,555.63K,-3.34%
2011_4_11_,113.28,113.46,108.68,109.92,364.35K,-2.54%